row,predicted,confidence,N,P,K,temperature,humidity,ph,rainfall,true,correct
1,rice,82.1464592218399,90.0,42.0,43.0,20.87974371,82.00274423,6.502985292000001,202.9355362,rice,True
2,rice,90.31747460365295,85.0,58.0,41.0,21.77046169,80.31964408,7.038096361,226.6555374,rice,True
3,rice,91.26438736915588,60.0,55.0,44.0,23.00445915,82.3207629,7.840207144,263.9642476,rice,True
4,rice,86.27124786376953,74.0,35.0,40.0,26.49109635,80.15836264,6.980400905,242.8640342,rice,True
5,rice,96.40796542167664,78.0,42.0,42.0,20.13017482,81.60487287,7.628472891,262.7173405,rice,True
6,rice,82.25369572639465,69.0,37.0,42.0,23.05804872,83.37011772,7.073453503,251.0549998,rice,True
7,rice,91.772940158844,69.0,55.0,38.0,22.70883798,82.63941394,5.70080568,271.3248604,rice,True
8,rice,96.78900718688965,94.0,53.0,40.0,20.27774362,82.89408619,5.718627177999999,241.9741949,rice,True
9,rice,76.81172907352448,89.0,54.0,38.0,24.51588066,83.53521629999999,6.685346424,230.4462359,rice,True
10,rice,74.09152925014496,68.0,58.0,38.0,23.22397386,83.03322691,6.336253525,221.2091958,rice,True
11,rice,90.71718335151672,91.0,53.0,40.0,26.52723513,81.41753846,5.386167788,264.6148697,rice,True
12,rice,94.06152963638306,90.0,46.0,42.0,23.97898217,81.45061596,7.50283396,250.0832336,rice,True
13,rice,90.72948455810547,78.0,58.0,44.0,26.80079604,80.88684822,5.108681786,284.4364567,rice,True
14,rice,64.81558442115784,93.0,56.0,36.0,24.01497622,82.05687182,6.98435366,185.2773389,rice,True
15,rice,60.24884015321732,94.0,50.0,37.0,25.66585205,80.66385045,6.94801983,209.5869708,rice,True
16,rice,68.21701735258102,60.0,48.0,39.0,24.28209415,80.30025587,7.042299068999999,231.0863347,rice,True
17,rice,83.1000828742981,85.0,38.0,41.0,21.58711777,82.7883708,6.2490506560000005,276.65524589999995,rice,True
18,rice,69.86566066741943,91.0,35.0,39.0,23.79391957,80.41817957,6.970859754,206.2611855,rice,True
19,rice,85.93701124191284,77.0,38.0,36.0,21.8652524,80.1923008,5.953933276,224.55501690000003,rice,True
20,rice,95.81804037094116,88.0,35.0,40.0,23.57943626,83.58760316,5.85393208,291.2986618000001,rice,True
21,rice,60.68562924861908,89.0,45.0,36.0,21.32504158,80.47476396,6.442475375,185.4974732,rice,True
22,rice,73.55633676052094,76.0,40.0,43.0,25.15745531,83.11713476,5.070175667,231.3843163,rice,True
23,rice,57.906779050827026,67.0,59.0,41.0,21.94766735,80.97384195,6.012632591,213.3560921,rice,True
24,rice,82.44392395019531,83.0,41.0,43.0,21.0525355,82.67839517,6.254028451,233.1075816,rice,True
25,rice,90.88346123695374,98.0,47.0,37.0,23.48381344,81.33265073,7.375482851,224.0581164,rice,True
26,rice,85.86768865585327,66.0,53.0,41.0,25.0756354,80.52389148,7.778915154,257.0038865,rice,True
27,rice,89.64337229728699,97.0,59.0,43.0,26.35927159,84.04403589,6.2865001760000006,271.35861370000003,rice,True
28,rice,57.842375636100776,97.0,50.0,41.0,24.52922681,80.54498576,7.070959995,260.2634026,rice,True
29,rice,77.65992760658264,60.0,49.0,44.0,20.77576147,84.49774397,6.244841491,240.0810647,rice,True
30,rice,79.24774169921875,84.0,51.0,35.0,22.30157427,80.64416466,6.043304899,197.9791215,rice,True
31,rice,86.24247312545776,73.0,57.0,41.0,21.44653958,84.94375962,5.824709117,272.2017204,rice,True
32,rice,47.5597620010376,92.0,35.0,40.0,22.17931888,80.33127223,6.3573893660000005,200.0882787,rice,True
33,rice,61.89433038234711,85.0,37.0,39.0,24.52783742,82.73685569,6.364134967999999,224.67572310000003,rice,True
34,rice,98.01249027252197,98.0,53.0,38.0,20.26707606,81.63895217,5.01450727,270.4417274,rice,True
35,rice,85.29430508613586,88.0,54.0,44.0,25.7354293,83.88266234,6.149410611,233.1321372,rice,True
36,rice,71.34948432445526,95.0,55.0,42.0,26.79533926,82.1480873,5.950660556,193.3473987,rice,True
37,rice,87.68653631210327,99.0,57.0,35.0,26.75754171,81.17734011,5.960370061,272.29990560000005,rice,True
38,rice,92.7750813961029,95.0,39.0,36.0,23.86330467,83.15250801,5.561398642,285.2493645,rice,True
39,rice,95.40111422538757,60.0,43.0,44.0,21.01944696,82.95221726,7.416245107000001,298.40184710000005,rice,True
40,rice,83.44406962394714,63.0,44.0,41.0,24.17298839,83.7287574,5.583370042,257.0343554,rice,True
41,rice,68.3818276412785,62.0,42.0,36.0,22.78133816,82.06719137,6.430010215,248.7183228,rice,True
42,rice,79.63616847991943,64.0,45.0,43.0,25.62980105,83.52842314,5.534878156,209.9001977,rice,True
43,rice,61.43983632326127,83.0,60.0,36.0,25.59704938,80.14509262,6.903985986,200.834898,rice,True
44,rice,84.48521852493286,82.0,40.0,40.0,23.83067496,84.81360127,6.271478837999999,298.5601175,rice,True
45,rice,84.68782067298889,85.0,52.0,45.0,26.31355498,82.36698992,7.224285503,265.5355937,rice,True
46,jute,41.99010610580444,91.0,35.0,38.0,24.8972823,80.52586088,6.13428721,183.6793207,rice,False
47,rice,83.2814085483551,76.0,49.0,42.0,24.958779,84.47963372,5.206373153,196.95600080000003,rice,True
48,rice,86.68893098831177,74.0,39.0,38.0,23.24113501,84.59201843,7.782051312999999,233.0453455,rice,True
49,rice,67.22280293703079,79.0,43.0,39.0,21.66628296,80.70960551,7.062779015,210.8142087,rice,True
50,rice,85.8617913722992,88.0,55.0,45.0,24.63544858,80.41363018,7.730367824,253.7202781,rice,True
51,rice,66.46865516901016,60.0,36.0,43.0,23.43121862,83.06310136,5.286203711000001,219.9048349,rice,True
52,rice,76.58616900444031,76.0,60.0,39.0,20.0454142,80.3477562,6.766240045,208.5810155,rice,True
53,rice,54.425500780344,93.0,56.0,42.0,23.85724032,82.22572988,7.382762603,195.0948311,rice,True
54,rice,91.21071577072144,65.0,60.0,43.0,21.97199397,81.89918197,5.658169482000001,227.3637009,rice,True
55,rice,96.33650183677673,95.0,52.0,36.0,26.22916897,83.83625819,5.543360237999999,286.5083725,rice,True
56,rice,78.94482374191284,75.0,38.0,39.0,23.44676801,84.79352417,6.215109715,283.9338466,rice,True
57,rice,67.23212056385819,74.0,54.0,38.0,25.65553461,83.47021081,7.120272972,217.3788583,rice,True
58,rice,92.15548038482666,91.0,36.0,45.0,24.44345477,82.45432595,5.950647577000001,267.97619480000003,rice,True
59,rice,70.05448758602142,71.0,46.0,40.0,20.2801937,82.1235421,7.236705436,191.9535738,rice,True
60,rice,95.31351566314697,99.0,55.0,35.0,21.7238313,80.2389895,6.501697816,277.9626192,rice,True
61,rice,96.66177988052368,72.0,40.0,38.0,20.41447029,82.20802629,7.592490617,245.1511304,rice,True
62,rice,88.58097314834595,83.0,58.0,45.0,25.75528612,83.51827127,5.875345751,245.6626799,rice,True
63,rice,97.35990643501282,93.0,58.0,38.0,20.61521424,83.77345559,6.932400225,279.5451717,rice,True
64,rice,42.695183753967285,70.0,36.0,42.0,21.84106875,80.72886384,6.9462098810000015,202.3838319,rice,True
65,rice,95.91845750808716,76.0,47.0,42.0,20.08369642,83.29114712,5.739175027000001,263.6372176,rice,True
66,jute,49.335065484046936,99.0,41.0,36.0,24.45802087,82.74835604,6.738652179,182.5616319,rice,False
67,rice,75.52612654864788,99.0,54.0,37.0,21.14347496,80.33502926,5.5948196260000005,198.6730942,rice,True
68,rice,68.83574962615967,86.0,59.0,35.0,25.78720567,82.11124033,6.946636369,243.5120414,rice,True
69,rice,95.63868522644043,69.0,46.0,41.0,23.64124821,80.28597873,5.012139669,263.1103304,rice,True
70,rice,84.17825102806091,91.0,56.0,37.0,23.43191632,80.56887849,6.363472207999999,269.5039162,rice,True
71,rice,62.665008902549744,61.0,52.0,41.0,24.97669518,83.891805,6.880431223,204.8001847,rice,True
72,rice,91.09984278678894,67.0,45.0,38.0,22.72791041,82.17068809999998,7.300410836,260.8875056,rice,True
73,rice,92.52979040145874,79.0,42.0,37.0,24.87300744,82.84022551,6.587918707999999,295.6094492000001,rice,True
74,rice,78.93765926361084,78.0,43.0,42.0,21.32376327,83.00320459,7.283736617000001,192.3197536,rice,True
75,rice,68.15435618162155,75.0,54.0,36.0,26.29465461,84.56919326,7.023936392,257.4914906,rice,True
76,rice,92.92517900466919,97.0,36.0,45.0,22.2286982,81.85872947,6.939083505,278.0791793,rice,True
77,rice,82.70771503448486,67.0,47.0,44.0,26.73072391,81.78596776,7.868474653,280.4044392,rice,True
78,rice,57.05637976527213,73.0,35.0,38.0,24.88921174,81.97927117,5.005306977,185.9461429,rice,True
79,rice,65.23401200771332,77.0,36.0,37.0,26.88444878,81.46033732,6.136131869,194.5766559,rice,True
80,rice,74.89226520061493,81.0,41.0,38.0,22.67846116,83.72874389,7.5240800760000015,200.9133156,rice,True
81,rice,50.93386635184288,68.0,57.0,43.0,26.08867875,80.37979919,5.706943251,182.9043504,rice,True
82,rice,75.05068302154541,72.0,45.0,35.0,25.42977518,82.94682591,5.758506323,195.3574542,rice,True
83,rice,57.05996811389923,61.0,53.0,43.0,26.40323239,81.05635517,6.349606327,223.3671883,rice,True
84,rice,39.695200473070145,67.0,43.0,39.0,26.04371967,84.96907151,5.9999690260000005,186.7536773,rice,True
85,rice,79.92727816104889,67.0,58.0,39.0,25.2827223,80.54372813,5.453592032,220.1156708,rice,True
86,rice,71.8056046962738,66.0,60.0,38.0,22.08576562,83.47038318,6.372576327000001,231.7364957,rice,True
87,rice,97.72177219390869,82.0,43.0,38.0,23.28617173,81.43321641,5.105588355,242.3170629,rice,True
88,jute,44.977925419807434,84.0,50.0,44.0,25.48591986,81.40633547,5.9353444060000005,182.6549356,rice,False
89,rice,97.89888143539429,81.0,53.0,42.0,23.67575393,81.03569343,5.17782304,233.7034975,rice,True
90,rice,93.31881165504456,91.0,50.0,40.0,20.82477109,84.1341879,6.462391607000001,230.22422230000004,rice,True
91,rice,90.95157742500305,93.0,53.0,38.0,26.92995077,81.91411159,7.069172227,290.67937830000005,rice,True
92,rice,91.31951212882996,90.0,44.0,38.0,23.83509503,83.88387074,7.473134377,241.20135130000003,rice,True
93,rice,67.56262123584747,81.0,45.0,35.0,26.52872817,80.12267476,6.158376967000001,218.9163567,rice,True
94,rice,82.11366415023804,78.0,40.0,38.0,26.46428311,83.85642678,7.549873681,248.2256491,rice,True
95,rice,85.69818139076233,60.0,51.0,36.0,22.69657794,82.81088865,6.028321557999999,256.9964761,rice,True
96,rice,76.21048033237457,88.0,46.0,42.0,22.68319059,83.46358271,6.604993475,194.2651719,rice,True
97,rice,91.13114595413208,93.0,47.0,37.0,21.53346343,82.14004101,6.500343222000001,295.9248796,rice,True
98,rice,85.10651171207428,60.0,55.0,45.0,21.40865769,83.32931909999998,5.935745417000001,287.5766935000001,rice,True
99,rice,64.45257902145386,78.0,35.0,44.0,26.54348085,84.67353597,7.072655622,183.6222657,rice,True
100,rice,37.2859713435173,65.0,37.0,40.0,23.35905428,83.59512273,5.333322606,188.413665,rice,True
101,maize,56.03071391582489,71.0,54.0,16.0,22.61359953,63.69070564,5.7499144210000015,87.75953857,maize,True
102,blackgram,25.52034456282854,61.0,44.0,17.0,26.10018422,71.57476937,6.931756557999999,102.2662445,maize,False
103,cotton,54.19500410556793,80.0,43.0,16.0,23.55882094,71.59351368,6.657964753,66.71995467,maize,False
104,maize,77.24195837974548,73.0,58.0,21.0,19.97215954,57.68272924,6.596060648,60.65171481,maize,True
105,maize,90.16798615455627,61.0,38.0,20.0,18.47891261,62.69503871,5.970458434,65.43835393,maize,True
106,maize,88.90763640403748,68.0,41.0,16.0,21.77689322,57.80840636,6.158830619,102.0861694,maize,True
107,maize,30.606521042063832,93.0,41.0,17.0,25.6217169,66.50415474,6.047906679,105.4654703,maize,True
108,cotton,32.81171254813671,89.0,60.0,19.0,25.19192419,66.69029010000001,5.913664501,78.06639649,maize,False
109,maize,70.54658234119415,76.0,44.0,17.0,20.41683147,62.55424820000001,5.855442401,65.27798457,maize,True
110,pigeonpeas,34.27121081040241,67.0,60.0,25.0,24.92162194,66.78627406,5.750254943,109.2162279,maize,False
111,maize,67.93926000595093,70.0,44.0,19.0,23.31689124,73.4541537,5.852607099,94.29712821,maize,True
112,cotton,38.44963502138853,90.0,49.0,21.0,24.84016732,68.3584573,6.4725232870000005,74.05474936,maize,False
113,blackgram,30.61886318959296,62.0,52.0,16.0,22.27526694,58.84015925,6.9670577620000005,63.87020584,maize,False
114,maize,45.0128298997879,92.0,44.0,16.0,18.87751445,65.76816093,6.082973754,94.76189431,maize,True
115,maize,33.300331607460976,66.0,54.0,21.0,25.19008683,60.200168700000006,5.919045532,72.12375573,maize,True
116,maize,70.5073744058609,63.0,58.0,22.0,18.25405352,55.28220433,6.204747652999999,63.72358154,maize,True
117,cotton,33.78996852785349,70.0,47.0,17.0,24.612911800000006,70.4162444,6.600827017,104.1626147,maize,False
118,maize,60.682960748672485,61.0,41.0,17.0,25.1420613,65.26185135,6.021902237000001,76.68456006,maize,True
119,maize,70.30567288398743,66.0,53.0,19.0,23.09348056,60.11593810000001,6.033550195,65.49730729,maize,True
120,maize,71.44879579544067,74.0,55.0,19.0,18.05033737,62.89366992,6.28886807,84.23613484,maize,True
121,banana,25.6678469479084,77.0,57.0,21.0,24.9321581,73.80435276,6.550563822999999,79.74078719,maize,False
122,maize,63.58276724815368,99.0,50.0,15.0,18.14710054,71.09445342,5.573286437,88.07753741,maize,True
123,maize,87.76539206504822,74.0,56.0,22.0,18.28362235,66.65952796,6.829199275,80.97573281,maize,True
124,maize,77.25889980792999,83.0,45.0,21.0,18.83344471,58.75082029,5.716222912,79.75328959999999,maize,True
125,cotton,51.5675969235599,100.0,48.0,16.0,25.71895816,67.22190688,5.54990242,74.51490791,maize,False
126,maize,30.21725744009018,79.0,51.0,16.0,25.33797709,68.49835977,6.586244581,96.46380213,maize,True
127,maize,41.28202259540558,94.0,39.0,18.0,23.89114571,57.48775781,5.893093135,102.8301942,maize,True
128,maize,55.531518459320075,75.0,49.0,15.0,21.53574127,71.50905983,5.918263801,102.4852929,maize,True
129,maize,41.74828991293907,78.0,48.0,22.0,23.08974909,63.10459626,5.588650585,70.43473609,maize,True
130,maize,25.847638621926304,87.0,54.0,20.0,25.61707368,63.4711755,6.576418207000001,108.8303762,maize,True
131,maize,40.760363042354584,87.0,35.0,25.0,21.44526922,63.1621551,6.178056304,65.88951188,maize,True
132,maize,64.1295450925827,63.0,43.0,19.0,18.51816776,55.53128131,6.641906353,90.988051,maize,True
133,maize,59.51055844314397,84.0,57.0,25.0,22.53510514,67.99257471,6.489040367,64.40866039,maize,True
134,maize,68.12692672014236,64.0,35.0,23.0,23.02038334,61.89472002,5.680361037999999,63.03843397,maize,True
135,maize,48.06449770927429,60.0,46.0,22.0,24.89364635,65.61418761,6.625404347999999,87.9298085,maize,True
136,cotton,36.946561485528946,98.0,44.0,21.0,25.77175115,74.089114,6.524478032,107.4931917,maize,False
137,maize,90.34061193466187,75.0,56.0,18.0,19.39851734,62.35750641,5.696205468,60.95197486,maize,True
138,maize,37.29446545243263,86.0,55.0,21.0,21.54156232,59.64024162,6.803931519,109.7515385,maize,True
139,cotton,61.54299169778824,98.0,35.0,18.0,23.79746068,74.82913698,6.252797547999999,91.76337172,maize,False
140,maize,74.64754939079285,76.0,57.0,18.0,18.9802729,74.52600826,6.092725883,94.26249353,maize,True
141,cotton,44.77900564670563,99.0,56.0,17.0,24.10859207,73.13112261,6.234330356,71.07562236,maize,False
142,maize,25.362607687711712,60.0,44.0,23.0,24.7947077,70.04556743,5.722579819,76.72860067,maize,True
143,maize,56.306126415729516,74.0,48.0,17.0,21.63162756,60.27766379,6.430616465,69.21803098,maize,True
144,maize,53.30500319600105,89.0,60.0,17.0,25.37548751,57.21025565,5.983952675,101.7004306,maize,True
145,maize,30.601879321038723,69.0,51.0,23.0,22.21738222,72.85462807,6.80163854,106.6213157,maize,True
146,cotton,60.76928943395614,96.0,46.0,22.0,20.58314011,69.00128641,6.499936446,66.29390357,maize,False
147,maize,25.762483999133114,61.0,60.0,15.0,24.87502824,68.74248334,6.265564338,91.26056654,maize,True
148,jute,43.310423174261814,74.0,58.0,18.0,20.03728219,56.35606753,6.727303282,109.024141,maize,False
149,maize,35.85872992873192,74.0,43.0,23.0,25.95263264,61.89082199,6.325235159,99.57981207,maize,True
150,maize,42.1952645201236,63.0,43.0,17.0,19.28889933,65.47050802,6.807487794,71.3195307,maize,True
151,cotton,69.54915761947632,99.0,36.0,20.0,20.57981887,65.34583901,6.671085817000001,78.34604471,maize,False
152,maize,45.33344618976116,77.0,36.0,23.0,24.71417533,56.73426469,6.648725327,88.45361858,maize,True
153,maize,61.251885294914246,87.0,60.0,23.0,20.27317074,63.91281869,6.439071996,62.50351892,maize,True
154,maize,67.00097501277924,60.0,38.0,17.0,18.41932981,64.23580251,6.474476516,76.41312437,maize,True
155,maize,53.35757493972778,94.0,54.0,17.0,23.39128187,61.74427165,5.871647806,107.3198135,maize,True
156,maize,63.58816772699356,95.0,38.0,22.0,19.84939404,61.24500053,5.730617109,100.7689246,maize,True
157,maize,79.10070061683655,84.0,44.0,21.0,21.869274,61.91044947,5.850439831,107.2681929,maize,True
158,maize,66.02811619639397,77.0,58.0,19.0,22.8056033,56.50768935,5.791649933,101.5952794,maize,True
159,maize,65.48602223396301,66.0,44.0,20.0,19.0781471,69.02298571,6.740000687999999,80.72515943,maize,True
160,maize,69.06562924385071,63.0,35.0,16.0,22.02720976,65.35549924,6.272417541,83.73280082,maize,True
161,maize,66.6223730891943,79.0,45.0,20.0,23.80546189,59.24537979,5.715208817000001,89.96220140000001,maize,True
162,maize,88.02545547485352,72.0,60.0,25.0,18.52510753,69.0276233,5.773454729,88.10234397,maize,True
163,maize,67.61726260185242,67.0,51.0,24.0,23.50297882,61.32026065,5.584171461,64.77791424,maize,True
164,maize,30.97068788483739,86.0,36.0,24.0,26.54986394,72.89187265,5.787268394,73.33636055,maize,True
165,maize,84.28881108760834,76.0,48.0,18.0,19.29563411,69.63481219,5.77597783,83.21030571,maize,True
166,maize,42.23570838570595,75.0,53.0,18.0,20.68899915,59.4375337,6.864793607,103.651438,maize,True
167,maize,77.83385038375854,81.0,45.0,23.0,19.32666088,68.03449300000001,6.192360002999999,84.22969177,maize,True
168,cotton,29.303000047802925,73.0,45.0,21.0,24.60532218,73.58868502,6.636803222999999,96.59195302,maize,False
169,maize,69.53001737594604,71.0,35.0,24.0,22.27373646,59.52193158,5.826426917,67.96704792,maize,True
170,cotton,33.9104388281703,96.0,54.0,22.0,25.70196694,61.33450447,6.960358276,83.20711308,maize,False
171,cotton,65.0014066696167,99.0,39.0,18.0,19.20129357,68.30578978,6.11275104,87.85092352,maize,False
172,maize,61.90510481595993,62.0,48.0,20.0,21.70181447,60.47470519,6.708446922,95.71388473,maize,True
173,maize,53.36447358131409,86.0,37.0,16.0,20.51716779,59.21235483,5.561510732,67.61013737,maize,True
174,maize,43.49866162985563,94.0,50.0,19.0,23.30355338,73.62548442,5.873242491,97.59081274,maize,True
175,coffee,26.216939243022352,76.0,39.0,24.0,24.2547451,55.64709899,6.995843776,64.23845455,maize,False
176,cotton,51.0644119977951,77.0,52.0,17.0,24.86374934,65.7420046,5.714799723,75.82270467,maize,False
177,maize,62.07746505737305,74.0,39.0,23.0,22.6265115,65.77472881,6.78073637,88.17251033,maize,True
178,maize,92.20929026603699,81.0,49.0,20.0,18.04185513,60.61494304,5.513697923,104.2321615,maize,True
179,maize,65.48622727394104,63.0,42.0,21.0,23.26237612,72.33125523,5.798423907999999,67.10225139,maize,True
180,cotton,65.21016478538513,99.0,38.0,21.0,22.88330922,71.59722446,6.352471866,67.72777298,maize,False
181,papaya,25.533656118786897,90.0,52.0,25.0,25.97482359,69.36385721,6.822586546,103.2234212,maize,False
182,maize,29.19322893023491,68.0,40.0,19.0,26.14384005,66.20569924,6.655426355,107.2361366,maize,True
183,maize,79.24710988998413,60.0,57.0,24.0,18.66116213,61.55327249,6.1212940410000005,75.03247667,maize,True
184,maize,60.31420737504959,71.0,52.0,18.0,25.10787449,55.97732754,5.790770202999999,78.16077693,maize,True
185,maize,43.88900138437748,61.0,59.0,17.0,23.33844615,59.24580604,6.47444292,105.0083144,maize,True
186,maize,43.00388902425766,88.0,38.0,15.0,25.08239719,65.92195844,6.455116637000001,62.49190812,maize,True
187,jute,24.30950403213501,65.0,60.0,22.0,25.36768364,72.52054555,6.6069840860000015,107.9124111,maize,False
188,maize,35.02998411655426,78.0,37.0,22.0,25.34217103,63.31801994,6.330554389,74.52082026,maize,True
189,maize,48.86457785964012,78.0,58.0,15.0,25.00933355,67.816568,6.5286312660000005,62.91359494,maize,True
190,maize,61.18551969528199,92.0,60.0,23.0,18.66746724,71.516474,5.721667141,69.93293255,maize,True
191,jute,36.15006732754409,79.0,59.0,17.0,20.37999665,63.73849998,6.644205485,108.5054416,maize,False
192,cotton,63.08004543185234,91.0,55.0,15.0,18.09300227,72.61024172,6.376651091,78.96159541,maize,False
193,maize,26.30870506167412,76.0,51.0,18.0,26.16985907,71.96246617,6.247040422,79.84925393,maize,True
194,maize,73.98261785507202,87.0,48.0,25.0,18.65396672,61.37879671,6.656730007999999,93.62039175,maize,True
195,maize,29.995130747556686,71.0,60.0,22.0,26.07470121,59.37147589,6.2048017,85.75692395,maize,True
196,maize,49.812349155545235,90.0,57.0,24.0,18.92851916,72.80086137,6.158860284,82.34162918,maize,True
197,maize,72.23538130521774,67.0,35.0,22.0,23.30546753,63.24648023,6.385684213999999,108.7603001,maize,True
198,maize,78.20155262947083,60.0,54.0,19.0,18.74826712,62.49878458,6.417820493,70.23401597,maize,True
199,maize,89.57969427108765,83.0,58.0,23.0,19.74213321,59.66263104,6.381201909,65.50861389,maize,True
200,maize,24.428098127245903,83.0,57.0,19.0,25.73044432,70.74739256,6.877869005,98.73771338,maize,True
201,chickpea,99.78908777236938,40.0,72.0,77.0,17.02498456,16.98861173,7.485996067,88.55123143,chickpea,True
202,chickpea,83.50160986185074,23.0,72.0,84.0,19.02061277,17.13159126,6.920251378,79.92698081,chickpea,True
203,chickpea,88.94121825695038,39.0,58.0,85.0,17.88776475,15.40589717,5.9969320370000005,68.54932919,chickpea,True
204,chickpea,85.7750403881073,22.0,72.0,85.0,18.86805647,15.65809214,6.391173589,88.51048983,chickpea,True
205,chickpea,99.56279754638672,36.0,67.0,77.0,18.36952567,19.56381041,7.152811172000001,79.26357665,chickpea,True
206,chickpea,83.71693909168243,32.0,73.0,81.0,20.45078582,15.40312102,5.988992796000002,92.68373702,chickpea,True
207,chickpea,78.68272423744202,58.0,70.0,84.0,20.6543203,16.60820843,6.231049027999999,74.6631118,chickpea,True
208,chickpea,98.76159906387329,59.0,70.0,84.0,17.3348681,18.74926979,7.550808267000001,82.61734721,chickpea,True
209,chickpea,98.6390769481659,42.0,62.0,75.0,18.17912258,18.90426935,7.010570541,81.84997529,chickpea,True
210,chickpea,99.12352800369263,28.0,74.0,81.0,18.01272266,18.30968112,8.753795334,81.98568791,chickpea,True
211,chickpea,91.17591977119446,58.0,66.0,79.0,20.99373558,19.33470387,8.718192847000001,93.55280105,chickpea,True
212,chickpea,99.81758952140808,43.0,66.0,79.0,19.46233971,15.22538951,7.976607593,74.58565097,chickpea,True
213,chickpea,98.21964979171753,58.0,63.0,81.0,19.81344531,14.69765308,6.515499548999999,78.96514709,chickpea,True
214,chickpea,98.69644403457642,23.0,62.0,85.0,18.97424756,19.5161216,8.490127142,80.7108745,chickpea,True
215,chickpea,98.88216972351074,27.0,62.0,77.0,18.19737048,14.71070537,6.576415562,70.18185181,chickpea,True
216,chickpea,82.63197302818298,28.0,72.0,84.0,18.72963144,19.18197264,6.481783042999999,71.58010169,chickpea,True
217,chickpea,92.59931325912476,50.0,56.0,76.0,20.99502153,19.8601304,7.966605025,73.50734019,chickpea,True
218,chickpea,99.42559599876404,39.0,71.0,84.0,20.28155898,16.39535215,8.140825437,82.52339655,chickpea,True
219,chickpea,99.81101155281067,25.0,78.0,76.0,17.48042641,15.7559405,7.228963452,66.96980581,chickpea,True
220,chickpea,80.39519309997559,31.0,70.0,77.0,20.88818675,14.32313811,6.492546046,90.46228334,chickpea,True
221,chickpea,99.89900708198547,26.0,80.0,83.0,17.08498521,16.14565756,7.528599957000001,71.31007253,chickpea,True
222,chickpea,98.42838287353516,25.0,68.0,77.0,20.09340593,15.11279612,7.701446446,85.74904898,chickpea,True
223,chickpea,99.98511672019958,31.0,78.0,76.0,17.57212145,14.99927489,8.519975748,89.31050665,chickpea,True
224,chickpea,99.91882801055908,60.0,68.0,83.0,19.12065218,18.43475844,6.620900869,85.52950164,chickpea,True
225,chickpea,93.89281034469604,59.0,62.0,83.0,18.57665902,19.22008229,8.104396057999999,72.94940441,chickpea,True
226,chickpea,83.58932554721832,22.0,67.0,78.0,17.16606398,14.42457525,6.204090835,72.32667516,chickpea,True
227,chickpea,73.80472123622894,36.0,65.0,80.0,18.2872007,16.67921616,6.051091339,74.87445574,chickpea,True
228,chickpea,95.28869032859802,59.0,60.0,84.0,19.03025305,18.66725565,7.690962337999999,94.70992037,chickpea,True
229,chickpea,99.73661303520203,54.0,77.0,85.0,17.141861399999996,17.0662427,7.8292111439999985,83.74606679,chickpea,True
230,chickpea,92.1705675125122,43.0,68.0,81.0,17.47809436,17.93253975,6.761599706,78.92060234,chickpea,True
231,chickpea,99.8383903503418,28.0,76.0,82.0,20.56601874,14.25803981,6.654425315,83.75937135,chickpea,True
232,chickpea,98.79717111587524,42.0,79.0,85.0,17.22385224,15.82069268,6.129533877,76.57580954,chickpea,True
233,chickpea,99.14244532585144,32.0,60.0,83.0,19.69141713,19.44225438,8.829273328,91.76071648,chickpea,True
234,chickpea,99.44747805595398,22.0,78.0,76.0,17.84851658,19.09172907,8.621662982,76.32470713,chickpea,True
235,chickpea,98.10580730438232,31.0,79.0,75.0,18.8202251,16.1074793,8.204862075,89.73119396,chickpea,True
236,chickpea,69.21816647052765,28.0,58.0,81.0,17.47500984,16.54314829,6.18042747,93.35034262,chickpea,True
237,chickpea,80.68086266517639,57.0,58.0,77.0,18.72649425,17.58406365,7.978996755,81.20176515,chickpea,True
238,chickpea,99.1872763633728,49.0,55.0,78.0,18.65580107,16.17772668,7.863113671,81.70769297,chickpea,True
239,chickpea,96.84473872184753,46.0,76.0,77.0,18.2356751,19.68538502,6.967843048,83.74879344,chickpea,True
240,chickpea,88.20194005966187,54.0,61.0,77.0,18.81198127,15.21618225,6.206582192999999,77.54294240000002,chickpea,True
241,chickpea,91.23073101043701,38.0,60.0,76.0,18.65054116,17.80852431,8.868741443,77.92798682,chickpea,True
242,chickpea,97.23217487335205,59.0,55.0,79.0,20.36720401,16.89574311,8.766128654,82.2545577,chickpea,True
243,chickpea,98.7092125415802,36.0,76.0,75.0,18.38120357,16.63805158,8.736337905,70.52056697,chickpea,True
244,chickpea,99.84361410140991,57.0,68.0,81.0,17.17012591,17.30457712,8.081095263,72.78624223,chickpea,True
245,chickpea,59.034945107996464,35.0,66.0,81.0,19.37101121,15.77458129,6.138243973,85.24819851,chickpea,True
246,chickpea,99.96263384819031,35.0,64.0,78.0,17.92845928,14.27327988,7.496645259,85.37378769,chickpea,True
247,chickpea,89.25727248191833,52.0,60.0,79.0,19.45339934,18.23490739,8.380185271,75.6317566,chickpea,True
248,chickpea,77.97792136669159,27.0,76.0,83.0,19.12829388,14.92241479,6.289614016,89.61857826,chickpea,True
249,chickpea,99.92108464241028,57.0,60.0,84.0,19.1034283,17.26184541,6.586777189,75.49101167,chickpea,True
250,chickpea,99.96238946914673,52.0,68.0,78.0,17.48504075,16.96070581,6.89655198,86.05078037,chickpea,True
251,chickpea,99.94367361068726,43.0,79.0,79.0,19.40751744,18.98030507,7.8067476560000015,80.25064637,chickpea,True
252,chickpea,99.52452659606934,44.0,74.0,85.0,20.18649426,19.63719995,7.150681303,78.26039559,chickpea,True
253,chickpea,99.79759812355042,24.0,55.0,78.0,17.30287885,15.15405941,6.64919573,75.57790384,chickpea,True
254,chickpea,99.87784147262573,29.0,77.0,75.0,17.50361137,15.48083156,7.778591617999999,72.9446671,chickpea,True
255,chickpea,92.03044772148132,20.0,60.0,78.0,18.17234999,14.70085967,6.358740355,90.7760707,chickpea,True
256,chickpea,99.58372592926025,56.0,67.0,78.0,17.57445618,16.71826572,8.255450758,77.81891424,chickpea,True
257,chickpea,77.4466621875763,37.0,66.0,85.0,20.93175255,18.91295403,6.456148474,78.06910795,chickpea,True
258,chickpea,94.13402915000916,49.0,71.0,76.0,19.71098332,17.63879418,6.613072145,85.57925437,chickpea,True
259,chickpea,99.98231649398804,59.0,69.0,80.0,19.07937684,17.86754927,8.165359297,69.40619137,chickpea,True
260,chickpea,99.78691220283508,20.0,79.0,77.0,18.54988627,16.02542689,7.64867466,76.32565249,chickpea,True
261,chickpea,77.3865632712841,24.0,56.0,85.0,18.19903647,17.41333199,6.545888558,80.6405403,chickpea,True
262,chickpea,80.13448322191834,51.0,72.0,75.0,18.88852533,14.99451145,7.1042247970000005,80.11133840000002,chickpea,True
263,chickpea,99.96747374534607,57.0,73.0,85.0,18.49311205,14.72115044,7.358099622,91.94595352,chickpea,True
264,chickpea,79.65490683913231,22.0,64.0,82.0,19.48974337,17.17260319,6.4740245000000005,87.51312796,chickpea,True
265,chickpea,99.94803309440613,52.0,73.0,79.0,17.25769499,18.74943955,7.840339388999999,94.00287214,chickpea,True
266,chickpea,97.18152046203613,29.0,75.0,75.0,19.62416326,18.71483156,7.064790365,88.4585692,chickpea,True
267,chickpea,85.48048913478851,44.0,59.0,78.0,20.67526473,19.85388984,7.599033472,84.78344008,chickpea,True
268,chickpea,93.08700799942017,41.0,69.0,82.0,20.02381489,16.63294455,6.715587232000001,68.97806542,chickpea,True
269,chickpea,99.51917886734009,52.0,56.0,85.0,20.118744600000007,14.44228303,6.81712422,88.68168643,chickpea,True
270,chickpea,97.34265089035034,34.0,76.0,80.0,20.65691793,15.84572566,7.985417393,65.23811143,chickpea,True
271,chickpea,99.5213234424591,42.0,74.0,83.0,19.2582557,14.2804191,7.545258424,65.78042032,chickpea,True
272,chickpea,99.53961968421936,34.0,71.0,79.0,17.927806,15.85622899,7.728998197,74.63872762,chickpea,True
273,chickpea,99.83643054962158,27.0,73.0,79.0,19.16288268,15.83500655,7.354973451,82.69766829,chickpea,True
274,chickpea,89.59009647369385,30.0,70.0,79.0,20.26942271,19.96978871,7.313122235,69.64449182,chickpea,True
275,chickpea,93.72287392616272,57.0,57.0,75.0,17.09104223,18.25142068,7.785039076,87.27444866,chickpea,True
276,chickpea,77.06526935100555,27.0,79.0,82.0,17.06579293,17.54024066,6.307004922999999,70.87150577,chickpea,True
277,chickpea,95.4668140411377,32.0,71.0,85.0,20.62767492,14.44008871,6.4039823160000005,92.06630306,chickpea,True
278,chickpea,99.00726675987244,31.0,76.0,82.0,20.8248451,17.85057083,7.599279991,79.20509212,chickpea,True
279,chickpea,99.44054245948792,33.0,75.0,84.0,19.46210401,18.72831993,7.217018459,68.81405149,chickpea,True
280,chickpea,99.7167158126831,47.0,80.0,77.0,17.18248372,16.42891834,7.561108006,72.85017344,chickpea,True
281,chickpea,99.98078107833862,54.0,62.0,80.0,17.48911699,16.39055394,7.489545074,79.45758333,chickpea,True
282,chickpea,99.88067984580994,47.0,79.0,78.0,17.48395377,14.76014523,6.609696734,65.11365631,chickpea,True
283,chickpea,99.23338055610657,35.0,57.0,83.0,19.48316794,17.44534641,7.476800943,80.4986291,chickpea,True
284,chickpea,99.17106986045837,53.0,73.0,77.0,19.71359733,18.09665739,7.325451279,73.64476535,chickpea,True
285,chickpea,89.65920925140381,45.0,61.0,78.0,19.48649305,16.06240074,6.489389282,81.52842690000001,chickpea,True
286,chickpea,99.97758865356445,37.0,78.0,79.0,19.95264829,14.82633099,7.786366322,88.6810311,chickpea,True
287,chickpea,97.34613299369812,30.0,75.0,81.0,19.41789736,16.80472243,6.4084378860000015,68.4951189,chickpea,True
288,chickpea,99.65258598327637,37.0,55.0,82.0,19.45591848,18.02235902,8.423873703,78.44910564,chickpea,True
289,chickpea,98.04985761642456,53.0,65.0,76.0,20.19137759,16.41998269,8.719960893,77.33795356,chickpea,True
290,chickpea,99.9853777885437,22.0,60.0,85.0,18.8392908,14.74071856,7.811997977000001,94.78189594,chickpea,True
291,chickpea,77.9416960477829,60.0,61.0,78.0,20.71219282,19.83643308,6.317153205,94.03659867,chickpea,True
292,chickpea,96.75034523010254,42.0,67.0,77.0,18.99424448,15.9362937,7.114405288,78.69707199,chickpea,True
293,chickpea,99.11579847335815,39.0,76.0,76.0,19.96837462,15.57324389,8.135900726000001,69.15759062,chickpea,True
294,chickpea,99.68213677406311,35.0,63.0,76.0,17.81564548,17.60756635,7.714153037999999,90.82097601,chickpea,True
295,chickpea,96.86898589134216,30.0,65.0,82.0,20.71424384,15.27824066,7.103798069,76.77888672,chickpea,True
296,chickpea,99.80480074882507,57.0,56.0,78.0,17.34150229,18.75626255,8.861479668,67.9545435,chickpea,True
297,chickpea,99.93579864501953,48.0,65.0,78.0,17.43732714,14.33847406,7.861128148,73.0926704,chickpea,True
298,chickpea,98.9081621170044,36.0,56.0,83.0,18.89780215,19.76182946,7.4526709,69.09512477,chickpea,True
299,chickpea,99.73854541778564,40.0,58.0,75.0,18.59190771,14.77959596,7.168096055,89.60982451,chickpea,True
300,chickpea,99.97512459754944,49.0,69.0,82.0,18.31561493,15.36143547,7.26311855,81.78710463,chickpea,True
301,kidneybeans,84.10724639892578,13.0,60.0,25.0,17.13692774,20.59541693,5.68597166,128.256862,kidneybeans,True
302,kidneybeans,91.28872036933899,25.0,70.0,16.0,19.63474332,18.90705639,5.759237003,106.3598183,kidneybeans,True
303,kidneybeans,78.67518424987793,31.0,55.0,22.0,22.91350245,21.33953114,5.873171894,109.225556,kidneybeans,True
304,kidneybeans,69.38801646232605,40.0,64.0,16.0,16.43340342,24.24045875,5.926676985,140.3717815,kidneybeans,True
305,kidneybeans,77.44527541100979,2.0,61.0,20.0,22.13974653,23.02251117,5.95561668,76.64128258,kidneybeans,True
306,kidneybeans,85.16407608985901,26.0,65.0,22.0,17.84806561,18.77621951,5.9499490810000015,143.09841709999995,kidneybeans,True
307,kidneybeans,90.08565664291382,17.0,57.0,21.0,19.88394011,20.31564139,5.789214288999999,60.91974792,kidneybeans,True
308,kidneybeans,91.64060592651367,26.0,80.0,18.0,19.32509638,23.3334788,5.581021521,104.7783947,kidneybeans,True
309,kidneybeans,59.00962591171265,17.0,59.0,17.0,18.416700100000003,23.42829938,5.689858133,132.9801054,kidneybeans,True
310,kidneybeans,76.08542084693909,27.0,59.0,22.0,21.81167649,23.20591245,5.794158503999999,130.0608093,kidneybeans,True
311,kidneybeans,82.49036908149719,28.0,58.0,24.0,19.72702528,18.28173015,5.748190462999999,143.7630894,kidneybeans,True
312,kidneybeans,89.12099003791809,25.0,57.0,19.0,17.15432954,19.87070659,5.566522896,87.99669731,kidneybeans,True
313,kidneybeans,77.62986361980438,28.0,80.0,17.0,19.62207826,18.67170854,5.809419584,144.1567454,kidneybeans,True
314,kidneybeans,75.29617547988892,25.0,60.0,22.0,21.63149148,21.17919701,5.887263027,134.3649948,kidneybeans,True
315,kidneybeans,96.50920271873474,12.0,78.0,23.0,16.06522754,18.72479695,5.99812453,88.06638775,kidneybeans,True
316,kidneybeans,97.08213090896606,6.0,77.0,25.0,20.61162204,24.36314135,5.792744849,69.63833855,kidneybeans,True
317,kidneybeans,88.46799612045288,22.0,79.0,17.0,21.42451099,20.39659714,5.912289889,116.5206923,kidneybeans,True
318,kidneybeans,89.36946988105774,27.0,80.0,15.0,19.07096165,21.21092266,5.7883869510000014,86.21917578,kidneybeans,True
319,kidneybeans,55.07037773728371,10.0,55.0,23.0,21.18853178,19.63438599,5.728233081,137.1948633,kidneybeans,True
320,kidneybeans,58.49880501627922,23.0,65.0,20.0,23.0429097,22.42610972,5.833940084,108.3684316,kidneybeans,True
321,kidneybeans,91.80411219596863,19.0,78.0,16.0,20.65375833,23.10538637,5.967533236,67.71768947,kidneybeans,True
322,kidneybeans,64.40818548202515,19.0,65.0,25.0,18.09551014,18.29318436,5.6250964460000015,144.7902323,kidneybeans,True
323,kidneybeans,89.34061288833618,22.0,70.0,19.0,18.23775702,21.07643273,5.515615023,69.44951585,kidneybeans,True
324,kidneybeans,91.46695017814636,37.0,64.0,22.0,17.48189735,18.8251973,5.954665349,121.9401369,kidneybeans,True
325,kidneybeans,82.40570366382599,11.0,71.0,17.0,19.9191786,21.47324158,5.74644777,82.68554379,kidneybeans,True
326,kidneybeans,79.26613509654999,18.0,79.0,20.0,20.27514686,23.2353604,5.877347515,139.7521543,kidneybeans,True
327,kidneybeans,91.72738194465637,21.0,63.0,17.0,15.77370214,19.2303162,5.979973965,108.3441414,kidneybeans,True
328,kidneybeans,91.04152798652649,24.0,80.0,22.0,16.71170642,19.17651433,5.635993966,96.77285817,kidneybeans,True
329,kidneybeans,95.27251482009888,34.0,60.0,22.0,17.66148158,18.15302753,5.635231778,100.6711761,kidneybeans,True
330,kidneybeans,85.13542354106903,16.0,75.0,21.0,18.50692825,23.61670065,5.679224346,87.05132890000002,kidneybeans,True
331,kidneybeans,62.64428116381169,17.0,77.0,23.0,24.51324787,20.81527638,5.670062975,64.19497947,kidneybeans,True
332,kidneybeans,89.11924719810486,37.0,72.0,18.0,18.87614998,24.54038287,5.724242065,105.4120514,kidneybeans,True
333,kidneybeans,86.75500333309174,40.0,73.0,20.0,21.59343016,20.31871249,5.811314232000001,61.13872036,kidneybeans,True
334,kidneybeans,81.5572464466095,9.0,77.0,17.0,20.12373284,24.45202552,5.783425416,106.158201,kidneybeans,True
335,kidneybeans,79.41998660564423,1.0,62.0,23.0,15.43546065,18.37477907,5.607808432000001,139.0302034,kidneybeans,True
336,kidneybeans,73.69744032621384,33.0,59.0,22.0,22.64236876,21.59396123,5.946999529,122.3886015,kidneybeans,True
337,kidneybeans,84.60011601448059,23.0,59.0,19.0,21.98560799,24.87304788,5.852046999,129.5650601,kidneybeans,True
338,kidneybeans,70.37457838654518,6.0,62.0,22.0,20.53052663,18.09224048,5.824090984,120.4509288,kidneybeans,True
339,kidneybeans,86.26013517379761,25.0,63.0,20.0,15.78601387,21.14544088,5.502999119,95.17028129,kidneybeans,True
340,kidneybeans,92.57358074188232,7.0,79.0,23.0,19.6365349,19.68751084,5.821649914,96.65888933,kidneybeans,True
341,kidneybeans,91.33608818054199,8.0,72.0,17.0,20.57341244,19.7520218,5.711439256,87.87869161,kidneybeans,True
342,kidneybeans,50.229184627532966,27.0,64.0,15.0,20.16080524,24.84207559,5.514927264,138.2362122,kidneybeans,True
343,kidneybeans,65.21873354911804,28.0,66.0,23.0,21.53989176,24.25386207,5.99616119,120.6913038,kidneybeans,True
344,kidneybeans,76.37830764055252,32.0,57.0,18.0,15.53834801,23.75560241,5.695422862999999,107.3850593,kidneybeans,True
345,kidneybeans,69.20973867177963,27.0,56.0,22.0,19.91853092,20.70099804,5.833010957999999,108.6434544,kidneybeans,True
346,kidneybeans,68.76745566725731,17.0,77.0,24.0,20.76952209,18.93146941,5.568456899,109.0193712,kidneybeans,True
347,kidneybeans,68.93593236804008,0.0,65.0,15.0,23.46168338,23.22197648,5.645435626,95.84253438,kidneybeans,True
348,kidneybeans,56.93967670202256,13.0,72.0,21.0,24.32116642,21.0278674,5.821194486,60.27552528,kidneybeans,True
349,kidneybeans,90.78047275543213,34.0,60.0,23.0,20.12574053,24.96969858,5.659254981,100.0497183,kidneybeans,True
350,kidneybeans,86.01116180419922,9.0,80.0,19.0,21.80619564,18.57086554,5.945465949,125.0972687,kidneybeans,True
351,kidneybeans,93.18660616874695,11.0,72.0,20.0,19.52226241,24.92607153,5.9511774520000005,113.334026,kidneybeans,True
352,kidneybeans,83.20127606391907,3.0,67.0,24.0,17.00067625,19.90790546,5.520880013999999,103.2926407,kidneybeans,True
353,kidneybeans,94.53330159187317,35.0,69.0,23.0,16.78791503,24.96881755,5.578410206,75.45328039,kidneybeans,True
354,kidneybeans,60.19011080265045,3.0,77.0,25.0,24.84906168,22.89464642,5.608165195,62.21292186,kidneybeans,True
355,kidneybeans,97.12235569953918,23.0,62.0,19.0,16.51783455,20.4555596,5.609435127999999,98.77794225,kidneybeans,True
356,kidneybeans,94.18696522712708,22.0,71.0,17.0,18.15300153,19.38602098,5.509295379,107.6907964,kidneybeans,True
357,kidneybeans,68.43560129404068,31.0,79.0,25.0,23.18864385,22.3104551,5.902033406,63.38208822,kidneybeans,True
358,kidneybeans,82.11103558540344,34.0,59.0,18.0,23.38002569,21.98879437,5.744117663,87.66898664,kidneybeans,True
359,kidneybeans,81.9598114490509,12.0,63.0,17.0,18.358923,19.37703396,5.717143397,138.414764,kidneybeans,True
360,kidneybeans,73.45655798912048,27.0,56.0,20.0,19.25975367,20.51346956,5.542690119,94.9533526,kidneybeans,True
361,kidneybeans,68.79340052604675,7.0,63.0,24.0,22.95458237,24.03553105,5.858617867,107.7315386,kidneybeans,True
362,kidneybeans,78.0864542722702,24.0,67.0,22.0,20.120043,22.89845607,5.618844277000001,104.6252153,kidneybeans,True
363,kidneybeans,64.98383581638336,11.0,71.0,24.0,21.14011423,22.7182355,5.6066203460000015,141.6056722,kidneybeans,True
364,kidneybeans,86.37779712677002,37.0,74.0,15.0,24.92360104,18.22590825,5.582178402,62.7089169,kidneybeans,True
365,kidneybeans,55.993224531412125,25.0,76.0,24.0,15.33042636,24.91506728,5.56503533,135.3315583,kidneybeans,True
366,kidneybeans,85.27640461921692,34.0,66.0,17.0,18.81097271,21.27833035,5.889614577000001,125.084915,kidneybeans,True
367,kidneybeans,80.3695285320282,20.0,69.0,15.0,23.44260668,22.77255917,5.934136378,107.4137246,kidneybeans,True
368,kidneybeans,54.49883431196213,37.0,65.0,16.0,22.8352024,18.97267518,5.683548308,63.59276673,kidneybeans,True
369,pigeonpeas,71.42358362674713,18.0,74.0,15.0,24.9035819,22.27512704,5.70836603,146.4727237,kidneybeans,False
370,kidneybeans,59.16171729564667,4.0,67.0,25.0,23.78709569,24.35679348,5.948164454,119.6404412,kidneybeans,True
371,kidneybeans,83.9002513885498,37.0,56.0,25.0,22.05592283,19.60379304,5.774755143999999,126.7265372,kidneybeans,True
372,kidneybeans,86.33535265922546,5.0,59.0,15.0,18.87492997,20.18238348,5.97229163,134.1811718,kidneybeans,True
373,kidneybeans,55.19559562206269,11.0,61.0,21.0,18.62328774,23.02410338,5.532100554,135.33780330000002,kidneybeans,True
374,kidneybeans,90.45409798622131,22.0,80.0,20.0,23.00884744,18.86880997,5.669560726,100.118612,kidneybeans,True
375,kidneybeans,97.25175380706787,12.0,61.0,19.0,19.33162606,24.13995025,5.655726817000001,68.51253427,kidneybeans,True
376,kidneybeans,92.4968433380127,5.0,74.0,21.0,16.24469193,21.35793891,5.591704013999999,66.97053257,kidneybeans,True
377,kidneybeans,94.90686297416687,27.0,69.0,22.0,17.91652287,24.90814655,5.932323085,69.14681022,kidneybeans,True
378,kidneybeans,92.85228371620178,31.0,75.0,18.0,15.46789263,21.43780702,5.824208308999999,88.88796102,kidneybeans,True
379,kidneybeans,82.98058807849884,36.0,68.0,20.0,17.06104474,23.77201471,5.86442953,81.83420522,kidneybeans,True
380,kidneybeans,67.81267523765564,5.0,65.0,16.0,21.32776028,18.48522915,5.866744372,109.1013261,kidneybeans,True
381,kidneybeans,58.934157490730286,32.0,79.0,15.0,23.90910104,20.74619325,5.706198621,81.60211243,kidneybeans,True
382,kidneybeans,66.15434125065804,11.0,78.0,22.0,23.89756791,22.74378977,5.940546818,112.6616435,kidneybeans,True
383,kidneybeans,74.64169502258301,0.0,55.0,22.0,22.98666928,20.57940608,5.916779289,143.85849380000005,kidneybeans,True
384,kidneybeans,70.81674233078957,14.0,59.0,15.0,21.35135729,22.91244883,5.779090476,146.4548645,kidneybeans,True
385,kidneybeans,70.8754563331604,29.0,68.0,23.0,24.1638445,19.27907819,5.82738029,116.7324324,kidneybeans,True
386,kidneybeans,56.521334648132324,32.0,68.0,19.0,24.62835037,18.18325169,5.514234138,149.7441028,kidneybeans,True
387,kidneybeans,79.82251524925232,17.0,64.0,17.0,21.02213209,24.93896255,5.662699104,124.6118471,kidneybeans,True
388,kidneybeans,92.25115418434143,13.0,69.0,19.0,17.30844532,20.01730914,5.86390397,115.199245,kidneybeans,True
389,kidneybeans,51.939501911401756,14.0,67.0,22.0,23.82576704,24.75485098,5.624690247999999,84.64143632,kidneybeans,True
390,kidneybeans,80.6143569946289,9.0,69.0,20.0,19.30607278,23.96362799,5.591560999,129.3449326,kidneybeans,True
391,kidneybeans,88.41828107833862,20.0,73.0,22.0,16.03768615,22.33195853,5.976312537999999,130.3900798,kidneybeans,True
392,kidneybeans,91.15330100059509,40.0,78.0,20.0,19.18572809,20.83398341,5.669236258,80.15293435,kidneybeans,True
393,kidneybeans,84.01300549507141,27.0,72.0,23.0,19.92889503,21.79992115,5.961934481,64.02640797,kidneybeans,True
394,pigeonpeas,61.92758321762085,14.0,67.0,15.0,19.56376468,24.67385131,5.690065688,139.2921004,kidneybeans,False
395,kidneybeans,93.02258014678955,7.0,56.0,18.0,18.31357543,24.32991649,5.698371311,76.14153904,kidneybeans,True
396,kidneybeans,81.50310695171356,27.0,65.0,18.0,20.10993761,23.22323766,5.59503163,73.36386477,kidneybeans,True
397,kidneybeans,71.55713319778442,30.0,63.0,16.0,23.60506572,21.90539577,5.5259045260000015,100.5978728,kidneybeans,True
398,kidneybeans,91.76989912986755,37.0,70.0,25.0,19.73136909,24.89487354,5.819403771,84.06354115,kidneybeans,True
399,pigeonpeas,58.63333523273469,27.0,63.0,19.0,20.93409877,21.1893007,5.562201934,133.1914419,kidneybeans,False
400,kidneybeans,89.69884395599365,22.0,60.0,24.0,18.78226261,20.24768314,5.630664753,104.2570723,kidneybeans,True
401,pigeonpeas,97.6736843585968,3.0,72.0,24.0,36.51268371,57.92887167,6.03160778,122.6539694,pigeonpeas,True
402,pigeonpeas,94.4333553314209,40.0,59.0,23.0,36.89163721,62.73178224,5.269084669,163.7266551,pigeonpeas,True
403,pigeonpeas,74.05462980270386,33.0,73.0,23.0,29.23540524,59.38967583,5.985792703,103.3301803,pigeonpeas,True
404,pigeonpeas,61.66007161140442,27.0,57.0,24.0,27.33534897,43.35795962,6.09186275,142.33036769999995,pigeonpeas,True
405,pigeonpeas,97.91177749633789,10.0,79.0,18.0,21.0643684,55.46985938,5.624731337999999,184.6226709,pigeonpeas,True
406,pigeonpeas,90.05518555641174,30.0,75.0,25.0,30.33276599,42.35249879,6.446091759,149.299952,pigeonpeas,True
407,pigeonpeas,95.67610621452332,40.0,70.0,20.0,31.80130272,45.03186173,5.623490042999999,147.03614419999997,pigeonpeas,True
408,pigeonpeas,98.8127338886261,38.0,55.0,19.0,33.18184225,38.23184742,5.864623352000001,198.8298806,pigeonpeas,True
409,mango,35.28391605243087,35.0,58.0,20.0,29.38538562,63.47742011,5.761702519,90.05422663,pigeonpeas,False
410,pigeonpeas,70.61587646603584,38.0,61.0,21.0,30.27374995,67.38680755,4.696518678,127.7767134,pigeonpeas,True
411,pigeonpeas,76.46755754947662,33.0,58.0,24.0,35.45790488,68.75810535,5.269504214,108.6333046,pigeonpeas,True
412,pigeonpeas,98.91896724700928,16.0,56.0,17.0,33.80020039,40.03262418,7.445444882999999,176.6165894,pigeonpeas,True
413,pigeonpeas,65.35306796431541,31.0,72.0,17.0,28.69180475,49.47225353,5.833031707999999,96.36222901,pigeonpeas,True
414,pigeonpeas,53.34282569587231,16.0,80.0,20.0,31.24021696,56.67369054,7.3393209289999986,122.0146733,pigeonpeas,True
415,pigeonpeas,80.5957543849945,27.0,72.0,17.0,28.98039357,57.23265151,6.347929353,120.7435664,pigeonpeas,True
416,pigeonpeas,71.01696453988552,40.0,62.0,19.0,27.32198928,34.13737127,4.697750704,96.51524028,pigeonpeas,True
417,pigeonpeas,96.08723521232605,18.0,58.0,16.0,21.47607807,38.80023714,4.962661422,180.382234,pigeonpeas,True
418,kidneybeans,78.55011761188507,3.0,68.0,16.0,18.31910448,34.69776639,4.964887857,107.4721605,pigeonpeas,False
419,pigeonpeas,99.35090065002441,26.0,67.0,24.0,36.97794384,37.73992903,5.642813116,161.48129630000005,pigeonpeas,True
420,pigeonpeas,64.35851454734802,16.0,70.0,20.0,24.80467592,40.1242747,5.6093956,121.5639121,pigeonpeas,True
421,pigeonpeas,88.81975293159485,24.0,63.0,19.0,19.3479443,55.96805489,4.681576043,194.5921148,pigeonpeas,True
422,pigeonpeas,98.93373966217041,9.0,76.0,25.0,28.88302142,50.12323801,5.70951224,179.2155874,pigeonpeas,True
423,pigeonpeas,88.65598320960999,16.0,55.0,19.0,19.54314136,47.19188279,6.413543781,192.4372194,pigeonpeas,True
424,pigeonpeas,74.61170047521591,28.0,75.0,21.0,24.7741949,50.54621094,6.007508163,114.2821387,pigeonpeas,True
425,pigeonpeas,57.55213022232055,16.0,71.0,24.0,18.33124824,38.40975482,4.946369874,139.64833169999997,pigeonpeas,True
426,pigeonpeas,58.68728786706925,24.0,70.0,21.0,19.14729038,45.3733757,5.517208078,132.7748215,pigeonpeas,True
427,pigeonpeas,82.99849420785904,38.0,72.0,21.0,28.23416057,49.4421345,5.902103172,186.5008581,pigeonpeas,True
428,pigeonpeas,96.52494072914124,9.0,66.0,21.0,30.11812084,34.13307843,5.719889876,157.0858232,pigeonpeas,True
429,pigeonpeas,88.55783939361572,34.0,56.0,17.0,33.4126864,35.42910045,4.548202098,139.6702541,pigeonpeas,True
430,pigeonpeas,96.77324175834656,1.0,76.0,19.0,24.18553163,46.68746847,6.6695294160000005,177.3377996,pigeonpeas,True
431,pigeonpeas,65.83989173173904,6.0,69.0,19.0,26.88630675,41.69617915,4.7509292180000005,94.46748008,pigeonpeas,True
432,pigeonpeas,96.90836906433105,26.0,73.0,21.0,31.33170829,57.97429171,4.946263888,161.7820226,pigeonpeas,True
433,pigeonpeas,80.23841798305511,27.0,61.0,18.0,33.30711818,67.07780816,5.266227032,108.5090168,pigeonpeas,True
434,pigeonpeas,88.2309889793396,27.0,71.0,23.0,23.45379018,46.48714759,7.10959773,150.87122019999995,pigeonpeas,True
435,pigeonpeas,99.40741777420044,36.0,61.0,21.0,34.53823889,39.04468913,5.617008201,168.5948318,pigeonpeas,True
436,pigeonpeas,75.7152472436428,17.0,73.0,18.0,19.50112224,34.51086611,5.632353113,197.3752649,pigeonpeas,True
437,pigeonpeas,69.76034760475159,26.0,72.0,22.0,28.76794904,37.57792132,4.674941549,91.72084869,pigeonpeas,True
438,pigeonpeas,98.19589734077454,17.0,64.0,16.0,30.97758716,32.24914235,7.161797643,180.716828,pigeonpeas,True
439,kidneybeans,38.932648450136185,14.0,74.0,19.0,18.39759147,36.82639309,6.624966131,93.12330644,pigeonpeas,False
440,pigeonpeas,85.17738103866577,39.0,60.0,15.0,35.09357419,30.98685456,5.004074623999999,116.9106908,pigeonpeas,True
441,pigeonpeas,93.47999453544617,6.0,66.0,15.0,34.93174223,30.40046769,6.3458060110000005,159.2649827,pigeonpeas,True
442,pigeonpeas,87.7369475364685,8.0,59.0,18.0,29.50523036,35.72032498,6.216814453,187.8961851,pigeonpeas,True
443,pigeonpeas,89.70592021942139,2.0,67.0,18.0,34.51934775,47.52980027,5.921666758,129.0064612,pigeonpeas,True
444,pigeonpeas,97.3927104473114,1.0,76.0,17.0,28.43430726,52.10010827,6.012719118,147.0414824,pigeonpeas,True
445,pigeonpeas,61.24722823500633,16.0,73.0,19.0,18.41645629,34.80541039,4.684079249,163.27474730000003,pigeonpeas,True
446,blackgram,46.94489262998104,23.0,75.0,25.0,31.07508973,47.19847683,7.077170002000001,91.31256412,pigeonpeas,False
447,pigeonpeas,93.21299195289612,32.0,70.0,20.0,20.89342749,46.24856523,6.208843215,195.5697875,pigeonpeas,True
448,pigeonpeas,70.91558173298836,28.0,59.0,22.0,30.90607799,52.79913039,7.05181629,170.99198280000005,pigeonpeas,True
449,pigeonpeas,99.00710105895996,5.0,62.0,23.0,27.9348279,66.45457122,4.722222454,145.3728801,pigeonpeas,True
450,pigeonpeas,88.90164315700531,36.0,67.0,25.0,35.95176642,36.52780776,6.418062652000001,136.0456753,pigeonpeas,True
451,pigeonpeas,98.4874963760376,1.0,66.0,23.0,19.54317155,56.92831399,4.803564468,173.1686574,pigeonpeas,True
452,pigeonpeas,94.92335081100464,24.0,73.0,20.0,19.63736208,32.31528909,4.608695247,176.4134092,pigeonpeas,True
453,pigeonpeas,88.96315932273865,17.0,67.0,18.0,31.2192752,56.46868874,5.611510977000001,129.20286529999998,pigeonpeas,True
454,pigeonpeas,76.36191964149475,5.0,55.0,18.0,33.50876355,45.70976142,7.322097972000001,126.6738117,pigeonpeas,True
455,pigeonpeas,95.74291586875916,5.0,56.0,24.0,24.80710166,45.01110015,5.023115055,188.4928637,pigeonpeas,True
456,pigeonpeas,99.89971876144409,37.0,77.0,17.0,36.20970524,31.94550613,5.617122801,191.0658531,pigeonpeas,True
457,pigeonpeas,99.15396571159363,13.0,73.0,20.0,30.50420876,35.48885969,5.391560417999999,162.59277230000004,pigeonpeas,True
458,pigeonpeas,89.5124077796936,6.0,63.0,23.0,26.01630259,49.94704718,5.906596905,160.33374469999995,pigeonpeas,True
459,pigeonpeas,58.273782432079315,16.0,77.0,22.0,31.48469278,35.6395615,6.574209678,100.546816,pigeonpeas,True
460,pigeonpeas,87.5177800655365,25.0,64.0,20.0,33.15122581,32.45974539,4.807776748999999,105.03802749999998,pigeonpeas,True
461,pigeonpeas,79.4170069694519,34.0,75.0,24.0,23.50222822,51.29019509,4.760038038999999,192.3023991,pigeonpeas,True
462,pigeonpeas,99.43810820579529,20.0,77.0,23.0,34.87248659,38.83786012,5.180271502,148.25027859999997,pigeonpeas,True
463,pigeonpeas,99.8640763759613,35.0,80.0,25.0,28.09269012,44.93322042,4.895927306,197.1144011,pigeonpeas,True
464,pigeonpeas,52.0443645119667,14.0,75.0,24.0,24.54757829,57.3414485,6.436160044,118.3606557,pigeonpeas,True
465,pigeonpeas,58.48018363118172,36.0,80.0,21.0,33.64769646,48.41490082,7.066087261,100.4673278,pigeonpeas,True
466,pigeonpeas,96.15854144096375,7.0,77.0,18.0,20.5591255,60.54880693,6.655918077999999,191.0895109,pigeonpeas,True
467,pigeonpeas,76.10404849052429,29.0,78.0,25.0,19.95991719,59.33157782,5.982854522999999,195.787103,pigeonpeas,True
468,pigeonpeas,95.54083824157715,30.0,60.0,21.0,28.87667593,62.4901206,5.457871272999999,182.2688175,pigeonpeas,True
469,pigeonpeas,99.61588382720947,20.0,74.0,16.0,36.04353699,43.61444121,4.759490199,159.8938645,pigeonpeas,True
470,pigeonpeas,83.28876674175262,19.0,57.0,23.0,23.6734328,47.2879691,7.342409555,141.12507219999995,pigeonpeas,True
471,pigeonpeas,55.964290499687195,3.0,60.0,19.0,25.74679443,40.7192594,4.820788186000001,100.7791633,pigeonpeas,True
472,pigeonpeas,55.50702877342702,5.0,77.0,19.0,31.08564994,66.68832981,6.242052013,175.9303271,pigeonpeas,True
473,pigeonpeas,96.39080762863159,5.0,68.0,20.0,18.72987676,61.33186249,5.001038726,139.8710041,pigeonpeas,True
474,pigeonpeas,90.36283254623413,37.0,73.0,21.0,29.50304807,63.46513414,5.560224582999999,189.5208915,pigeonpeas,True
475,pigeonpeas,93.74218344688416,9.0,59.0,24.0,20.43517772,39.37252634,4.747352458,137.22796619999997,pigeonpeas,True
476,pigeonpeas,75.75308203697205,20.0,72.0,15.0,36.00415838,56.01334416,7.313517308,134.8596466,pigeonpeas,True
477,pigeonpeas,89.77114200592041,31.0,56.0,23.0,31.46846241,35.39454002,5.661826398,174.5723999,pigeonpeas,True
478,pigeonpeas,95.37854552268982,0.0,70.0,21.0,36.30049702,56.03021253,4.672437054,101.6073988,pigeonpeas,True
479,pigeonpeas,67.00253980234265,21.0,74.0,15.0,29.49096726,67.10604388,6.471862118,153.2504506,pigeonpeas,True
480,pigeonpeas,99.78167414665222,13.0,67.0,18.0,30.5753044,34.75591197,5.384762927000001,177.5764304,pigeonpeas,True
481,pigeonpeas,48.72472211718559,27.0,74.0,20.0,24.69487673,59.96669215,5.8598134160000015,91.95792434,pigeonpeas,True
482,pigeonpeas,85.49999237060547,29.0,72.0,24.0,23.17409556,36.67847052,6.962386495,162.5931264,pigeonpeas,True
483,pigeonpeas,51.45210146903991,5.0,68.0,20.0,19.04380471,33.10695144,6.12166671,155.3705624,pigeonpeas,True
484,pigeonpeas,73.36456745862961,39.0,57.0,19.0,29.32379604,45.93248374,6.421748487,165.4113371,pigeonpeas,True
485,pigeonpeas,98.09041738510132,22.0,62.0,16.0,34.6455408,54.32342534,4.828936119,180.9009998,pigeonpeas,True
486,pigeonpeas,55.609170496463776,18.0,55.0,23.0,21.9989826,56.31006755,6.98571967,136.82743119999998,pigeonpeas,True
487,pigeonpeas,84.17174220085144,39.0,77.0,21.0,22.99774444,60.24218572,4.603563116,159.689339,pigeonpeas,True
488,pigeonpeas,99.5416784286499,13.0,75.0,20.0,30.55992394,35.29006485,6.979540061,178.8998611,pigeonpeas,True
489,pigeonpeas,99.27958846092224,27.0,71.0,24.0,31.46417866,48.17631461,7.064973419,165.40535400000005,pigeonpeas,True
490,pigeonpeas,77.89228558540344,26.0,64.0,22.0,25.95058595,40.58227261,5.16516459,109.1821183,pigeonpeas,True
491,pigeonpeas,64.17192831635475,23.0,55.0,16.0,21.01142393,69.69141302,5.111488821,185.2039114,pigeonpeas,True
492,pigeonpeas,63.04699283093213,4.0,69.0,19.0,19.25100056,47.70351758,5.374358869,149.063196,pigeonpeas,True
493,pigeonpeas,85.22372841835022,20.0,67.0,19.0,19.24462755,50.54495302,5.671419084,180.6465282,pigeonpeas,True
494,pigeonpeas,63.26056636869908,7.0,74.0,17.0,22.47253208,62.56532471,5.667419697000001,96.74706956,pigeonpeas,True
495,pigeonpeas,83.72726678848267,17.0,64.0,18.0,36.75087487,58.25799145,6.07938452,124.6028153,pigeonpeas,True
496,papaya,49.61618666537106,35.0,71.0,17.0,29.89286629,66.35375127,6.931924962999999,198.1403003,pigeonpeas,False
497,pigeonpeas,89.17373955249786,11.0,72.0,22.0,29.37735586,44.82294584,6.842744374,172.40168,pigeonpeas,True
498,pigeonpeas,95.42887926101685,20.0,60.0,22.0,29.65052947,42.89833235,6.876572502999999,186.9226052,pigeonpeas,True
499,pigeonpeas,67.2345944494009,10.0,71.0,18.0,19.54284889,66.34777265,6.151029296,173.11069819999997,pigeonpeas,True
500,pigeonpeas,83.57143998146057,33.0,61.0,24.0,20.04611791,48.93905624,4.567446499,122.4564203,pigeonpeas,True
501,mothbeans,87.78043866157532,3.0,49.0,18.0,27.91095209,64.70930606,3.692863601,32.67891866,mothbeans,True
502,mothbeans,77.87596464157104,22.0,59.0,23.0,27.32220619,51.27868781,4.371745575,36.5037914,mothbeans,True
503,mothbeans,77.75413274765015,36.0,58.0,25.0,28.66024187,59.3189118,8.399135957999999,36.92629678,mothbeans,True
504,mothbeans,69.51247543096542,4.0,43.0,18.0,29.02955344,61.09387478,8.840656256,72.98016599,mothbeans,True
505,mothbeans,82.58284449577332,29.0,54.0,16.0,27.78031515,54.65030015,8.153022903,32.05025323,mothbeans,True
506,mango,58.28495815396308,32.0,43.0,22.0,31.99928579,54.1077461,5.270749441,71.6266696,mothbeans,False
507,mothbeans,79.92668211460114,14.0,55.0,15.0,27.33580911,55.27755933,8.050304395,73.44775287,mothbeans,True
508,mothbeans,98.24542164802551,5.0,35.0,20.0,28.92952635,53.57014709,9.679240873,66.35634104,mothbeans,True
509,blackgram,61.42744183540344,25.0,57.0,24.0,27.65472156,58.59986279,6.974978386,36.94255012,mothbeans,False
510,mothbeans,39.748455584049225,11.0,53.0,24.0,28.52396666,55.77264351,7.39389918,61.32935611,mothbeans,True
511,mango,47.1082844492048,40.0,49.0,17.0,31.02215872,45.89239456,6.68727523,53.56783314,mothbeans,False
512,mothbeans,73.87580275535583,38.0,56.0,25.0,25.74095321,45.38497051,7.88118645,67.43488235,mothbeans,True
513,mango,55.52967995405197,27.0,43.0,23.0,31.70447482,56.85420099,5.875333778,44.94317432,mothbeans,False
514,mothbeans,84.40903127193451,24.0,38.0,22.0,24.47876451,58.51663927,8.202706015,34.96933295,mothbeans,True
515,mothbeans,84.46414947509766,23.0,45.0,21.0,31.46511256,51.79939437,8.985348193,74.44330654,mothbeans,True
516,mango,37.55384446121752,29.0,57.0,20.0,25.60973447,50.7330069,5.87707519,53.39249517,mothbeans,False
517,mothbeans,56.46816700696945,31.0,35.0,23.0,30.30260453,47.18283631,7.707595055,68.04039813,mothbeans,True
518,mothbeans,57.11682319641114,0.0,55.0,25.0,28.17489437,43.6672299,4.524171562,45.78172762,mothbeans,True
519,mothbeans,82.00483441352844,7.0,45.0,22.0,25.50634557,44.8302551,9.926212291,74.32635105,mothbeans,True
520,blackgram,30.53127609193325,17.0,58.0,25.0,31.12896766,43.58788762,6.455592696,32.76742894,mothbeans,False
521,mothbeans,82.40484237670898,11.0,44.0,17.0,26.34043268,55.59160391,8.016210782,35.1051197,mothbeans,True
522,pigeonpeas,35.65468341112137,22.0,49.0,22.0,28.23494706,61.5620517,3.71105919,72.66666443,mothbeans,False
523,mothbeans,75.81096529960632,9.0,51.0,19.0,27.04453473,49.32609633,5.49091063,48.25207759,mothbeans,True
524,mothbeans,91.77391767501831,28.0,48.0,15.0,25.16125354,55.25435777,9.254089438,40.89732789,mothbeans,True
525,mothbeans,20.637238919734955,26.0,50.0,19.0,27.3179125,51.66921088,6.005242945,32.55919573,mothbeans,True
526,mothbeans,53.74472349882126,36.0,56.0,20.0,25.4123765,49.66474269,7.437078236,31.87416982,mothbeans,True
527,mango,52.65111431479455,8.0,60.0,18.0,31.21629982,46.01868196,3.808429173,53.1205277,mothbeans,False
528,mango,54.947513937950134,24.0,37.0,21.0,30.573999,58.22686794,5.818219385,62.74803826,mothbeans,False
529,mothbeans,71.25792145729065,22.0,43.0,24.0,25.42517036,53.22082660000001,4.52363558,46.19374559,mothbeans,True
530,mothbeans,49.38451573252678,36.0,43.0,24.0,27.09400578,43.65305437,3.510404312,41.53749535,mothbeans,True
531,mothbeans,28.844321966171265,22.0,44.0,24.0,24.30935081,56.32938343,6.030447288,58.99536268,mothbeans,True
532,mango,75.0106030702591,17.0,43.0,22.0,30.06142622,45.90067655,5.498340807999999,41.0550915,mothbeans,False
533,mothbeans,55.65335288643837,8.0,45.0,15.0,28.09568993,60.98353839999999,4.61136408,33.84110759,mothbeans,True
534,mothbeans,44.23469841480255,7.0,56.0,23.0,26.33908791,40.00933429,5.545219232000001,55.50429227,mothbeans,True
535,mothbeans,57.59603798389434,36.0,57.0,16.0,28.61409059,57.14218792,8.292875733999999,57.02891698,mothbeans,True
536,mothbeans,56.88065916299821,11.0,45.0,19.0,28.70012137,44.359648,3.828031463,44.11622138,mothbeans,True
537,mothbeans,94.85591888427734,6.0,36.0,22.0,24.21610338,59.79236306,8.869532817,42.24783476,mothbeans,True
538,mothbeans,52.459503561258316,17.0,57.0,20.0,28.50677929,45.20094476,3.793575185,66.1761456,mothbeans,True
539,mothbeans,57.99058452248573,4.0,47.0,20.0,25.97948991,64.95585424,4.193189124,72.19245835,mothbeans,True
540,mothbeans,80.36579728126526,9.0,49.0,16.0,30.88482722,41.36561835,7.661537347999999,55.053805,mothbeans,True
541,mothbeans,94.83216524124146,25.0,51.0,24.0,25.5042419,61.66852372,9.392694614,65.07981523,mothbeans,True
542,mango,48.487846702337265,36.0,44.0,21.0,25.12528913,51.33189406,4.516154055,38.48678973,mothbeans,False
543,mango,43.97521108388901,21.0,38.0,20.0,27.10508014,63.56791363,5.794289715,62.20279647,mothbeans,False
544,blackgram,43.818887770175934,37.0,57.0,20.0,31.1006247,44.82069159,7.354286985,70.79934452,mothbeans,False
545,mango,40.19471226260066,32.0,48.0,18.0,26.45707778,56.40226277,5.993513566,64.16167699,mothbeans,False
546,mothbeans,93.37733745574951,29.0,44.0,20.0,30.04132304,63.56222995,8.620107545,31.83192392,mothbeans,True
547,mothbeans,94.74407076835632,25.0,51.0,18.0,27.77799528,54.82130787,9.45949344,50.28438729,mothbeans,True
548,mothbeans,87.26909875869751,10.0,44.0,24.0,30.99256944,43.02151392,8.0344125,58.27600682,mothbeans,True
549,mothbeans,56.63677666336297,23.0,35.0,18.0,26.4908332,47.36534833,5.414492777,36.99362831,mothbeans,True
550,blackgram,33.01558077335358,9.0,60.0,23.0,31.96987867,57.17377029,6.2760043360000015,64.25520357,mothbeans,False
551,mothbeans,87.87840485572815,3.0,58.0,21.0,25.36140526,46.82652785,9.160691747,55.60523179,mothbeans,True
552,mothbeans,67.49999195337296,22.0,42.0,22.0,25.54249137,56.96640758,7.887658711,48.46797044,mothbeans,True
553,mothbeans,77.97651827335358,12.0,39.0,21.0,28.99319096,62.85948245,8.183844843,70.4713043,mothbeans,True
554,mothbeans,91.30194783210754,39.0,36.0,22.0,29.34317422,60.50320928,9.072011412,34.03335472,mothbeans,True
555,mothbeans,46.2162846326828,32.0,41.0,16.0,28.63618921,61.39451307,7.702287236,68.54877876,mothbeans,True
556,mothbeans,31.14436209201813,30.0,41.0,15.0,24.83206631,44.17085032,5.88509677,52.0810886,mothbeans,True
557,mango,24.864884931594133,19.0,36.0,22.0,25.44689075,58.55363573,6.16496284,57.04826619,mothbeans,False
558,mango,53.17584812641144,4.0,46.0,15.0,31.01274943,62.40392519,3.504752314,63.77192383,mothbeans,False
559,mothbeans,58.37107688188553,21.0,39.0,20.0,27.06179658,52.3003173,7.388007482999999,60.74583498,mothbeans,True
560,mothbeans,75.20349681377411,35.0,57.0,25.0,27.0956288,42.26206161,8.340398059,71.12710390000002,mothbeans,True
561,mothbeans,69.0303984284401,22.0,55.0,24.0,28.56800579,57.30636014,8.66077954,64.53027638,mothbeans,True
562,mothbeans,47.046168744564056,35.0,51.0,17.0,28.79929247,49.84213387,3.558822825,40.85534718,mothbeans,True
563,blackgram,28.990971576422453,17.0,56.0,17.0,27.94293692,45.41393636,5.9565851,69.66289997,mothbeans,False
564,mothbeans,80.76951861381531,28.0,57.0,17.0,30.47757686,61.58245338,9.416003106,61.86633917,mothbeans,True
565,mothbeans,81.46130204200745,22.0,36.0,16.0,30.58139475,50.77148138,8.18422855,64.58559639,mothbeans,True
566,mothbeans,57.65193648636341,11.0,41.0,19.0,26.85911286,41.81420849,5.131779302,44.13827124,mothbeans,True
567,mungbean,28.613290637731552,38.0,38.0,18.0,26.31051759,61.18749126,6.294130312999999,35.73403813,mothbeans,False
568,mothbeans,77.22004413604736,23.0,37.0,24.0,28.77833449,44.2252605,7.991902443,33.95825723,mothbeans,True
569,mothbeans,98.26746702194214,25.0,35.0,20.0,28.90245417,43.35365671,8.923095695,71.90018566,mothbeans,True
570,blackgram,54.09038722515106,40.0,45.0,20.0,29.37687468,57.69622912,6.878498176,38.34303462,mothbeans,False
571,mothbeans,29.791409671306614,23.0,58.0,19.0,24.17093241,58.25204566,5.243634848999999,59.18953429,mothbeans,True
572,mothbeans,44.350240379571915,2.0,56.0,23.0,26.65333029,59.79023382,7.550090941,36.91852635,mothbeans,True
573,mothbeans,89.8998773097992,3.0,56.0,17.0,28.19912143,53.50567601,8.709291687999999,52.13580529,mothbeans,True
574,mothbeans,65.19294023513794,26.0,51.0,25.0,28.76488954,52.62741529,7.792508067999999,55.21606732,mothbeans,True
575,mothbeans,74.39706921577454,39.0,42.0,20.0,29.3499706,61.25353851,8.055908857999999,40.82840673,mothbeans,True
576,mothbeans,86.88314437866211,27.0,59.0,20.0,28.00937423,52.60950014,4.397698806,36.01203025,mothbeans,True
577,mothbeans,45.36709547042847,24.0,45.0,19.0,26.85851927,48.8246387,5.9523849570000005,34.7426459,mothbeans,True
578,mothbeans,97.3523485660553,7.0,40.0,17.0,31.2123945,40.92604945,8.532078732999999,53.78769958,mothbeans,True
579,lentil,34.28386524319649,15.0,45.0,23.0,24.20422636,61.43378674,7.224193642,46.0203959,mothbeans,False
580,mothbeans,61.6576874256134,26.0,52.0,23.0,29.98835437,49.60384796,4.931890506,52.92929636,mothbeans,True
581,mothbeans,70.21548211574554,20.0,45.0,16.0,29.93964907,54.61813464,4.626212446,45.43669946,mothbeans,True
582,mango,42.557496428489685,34.0,54.0,24.0,31.2119298,41.55934359,5.026003659,68.80141783,mothbeans,False
583,mothbeans,75.18573522567749,19.0,51.0,25.0,26.80474415,48.23991436,3.5253661,43.87801983,mothbeans,True
584,mothbeans,93.19498300552368,29.0,41.0,21.0,31.49398069,62.84916863,8.86979671,64.56807592,mothbeans,True
585,mothbeans,92.37450957298279,20.0,50.0,22.0,30.99694676,46.42693735,9.406887533,38.31597852,mothbeans,True
586,mango,29.021953120827675,11.0,40.0,23.0,29.61253065,63.04749127,5.80428611,50.1978269,mothbeans,False
587,mothbeans,68.38530778884888,15.0,54.0,15.0,29.97604322,57.03184356,8.35495812,44.86052932,mothbeans,True
588,mothbeans,91.6239082813263,35.0,55.0,22.0,30.88883074,52.62696801,8.634929739,55.51932414,mothbeans,True
589,mothbeans,74.70766305923462,9.0,59.0,25.0,30.39321309,60.16299493,7.699200949,35.37493212,mothbeans,True
590,mothbeans,68.76665100455284,40.0,45.0,18.0,30.43683729,55.20522037,5.261285926,30.92014047,mothbeans,True
591,mothbeans,83.45638155937195,35.0,38.0,19.0,25.32688786,63.18180319,9.112771682,32.71129281,mothbeans,True
592,mothbeans,84.60330605506897,14.0,58.0,17.0,30.53684308,59.96664731,4.605700542,33.48919022,mothbeans,True
593,blackgram,64.42294597625732,40.0,55.0,18.0,30.38257873,40.5926071,7.115994051,47.95406479,mothbeans,False
594,lentil,33.29753831028938,18.0,36.0,23.0,24.01825377,53.76623369,7.214078621,35.03404425,mothbeans,False
595,mothbeans,73.5794460773468,35.0,52.0,15.0,28.69841277,61.14754363,9.93509073,65.67591794,mothbeans,True
596,mothbeans,83.21364641189575,4.0,59.0,22.0,29.33743412,49.00323081,8.914074888,42.44054315,mothbeans,True
597,mothbeans,52.57012605667114,22.0,51.0,16.0,27.96583691,61.34900107,8.639586199,70.10472076,mothbeans,True
598,mothbeans,77.0413188636303,33.0,47.0,17.0,24.86803974,48.27531965,8.621514073,63.9187654,mothbeans,True
599,mothbeans,39.270010590553284,2.0,51.0,17.0,25.87682261,45.96341933,5.838508699,38.53254678,mothbeans,True
600,mothbeans,55.5635130405426,16.0,51.0,21.0,31.01963639,49.97675220000001,3.532008668,32.81296548,mothbeans,True
601,mungbean,48.30380668863654,19.0,55.0,20.0,27.43329405,87.80507732,7.18530147,54.73367631,mungbean,True
602,mungbean,57.464953064918525,8.0,54.0,20.0,28.3340432,80.77275974,7.034214276,38.7976407,mungbean,True
603,mungbean,47.04797923564911,36.0,55.0,20.0,27.01470397,84.34262707,6.635968697999999,55.296354,mungbean,True
604,mungbean,61.1551308631897,10.0,56.0,16.0,28.17432665,81.04554836,6.828187498999998,36.35720652,mungbean,True
605,mungbean,63.14079761505127,22.0,56.0,17.0,29.87888063,87.32761241,6.89077995,44.75215854,mungbean,True
606,mungbean,62.302140295505524,9.0,57.0,24.0,29.89232778,89.71503316,7.165121108999998,42.99498978,mungbean,True
607,mungbean,48.165867030620575,34.0,59.0,23.0,28.56212158,83.24855855,6.935804256,56.48265193,mungbean,True
608,mungbean,79.69840884208679,31.0,51.0,25.0,27.53592929,85.57019009999998,7.196774236,53.01899249,mungbean,True
609,mungbean,62.67861068248749,0.0,49.0,18.0,29.68361658,87.93598094,6.990095452,41.82490236,mungbean,True
610,mungbean,72.75914430618286,21.0,39.0,20.0,28.14448546,82.1193047,7.064782137999999,46.75690086,mungbean,True
611,orange,47.920439345762134,28.0,35.0,22.0,29.53037621,86.73346018,7.156563094,59.87232071,mungbean,False
612,mungbean,77.87886619567871,17.0,52.0,17.0,27.88352946,86.45147631,6.364967184,44.64407105,mungbean,True
613,mungbean,68.73820960521698,24.0,42.0,23.0,28.22471276,82.35916228,6.428054409,44.01206619,mungbean,True
614,mungbean,76.20991870760918,28.0,46.0,16.0,29.008124,84.96089355,6.664187809,45.91011391,mungbean,True
615,mungbean,76.73819780349731,21.0,38.0,21.0,29.75538903,86.45193297,6.637677489,37.54602719,mungbean,True
616,blackgram,53.09435680508614,34.0,60.0,25.0,29.78416743,85.16906976,6.79385576,40.77872823,mungbean,False
617,mungbean,58.670899868011475,19.0,53.0,22.0,27.8640132,80.4513142,6.852884642999999,42.83053902,mungbean,True
618,mungbean,53.847360908985145,31.0,58.0,15.0,27.11026483,84.96771717,7.121571293,51.52617423,mungbean,True
619,mungbean,54.75470220670105,19.0,35.0,24.0,27.11030369,83.64274107,6.883308033,49.11964582,mungbean,True
620,mungbean,63.5054063796997,24.0,53.0,17.0,28.95451232,89.07866095,6.421271178,57.65901369,mungbean,True
621,mungbean,74.09715354442596,13.0,47.0,20.0,29.21780035,87.93724219,6.54450214,43.1386631,mungbean,True
622,mungbean,60.44381499290466,31.0,53.0,16.0,28.7420098,85.81675947,6.452006451,48.54598575,mungbean,True
623,mungbean,74.11916136741638,28.0,45.0,23.0,29.65021184,80.29868321,6.489259136,56.76278363,mungbean,True
624,mungbean,71.04173183441162,31.0,37.0,21.0,27.23924995,86.404241,6.713410626,37.31236904,mungbean,True
625,mungbean,43.90719398856163,33.0,60.0,15.0,28.95172351,81.67085323,6.510840928,56.51103293,mungbean,True
626,mungbean,80.81261992454529,34.0,45.0,21.0,28.18837136,82.60629652,6.2873801170000005,37.01110438,mungbean,True
627,mungbean,80.51012992858887,13.0,57.0,25.0,28.30041493,86.20681554,6.86308576,50.47333854,mungbean,True
628,mungbean,32.99519583582878,33.0,57.0,17.0,27.89636126,88.71782287,6.78415271,57.79863368,mungbean,True
629,mungbean,56.45649909973145,32.0,57.0,22.0,28.6899851,87.50436797,6.769415887999999,44.56598352,mungbean,True
630,mungbean,50.92995809391141,23.0,59.0,25.0,27.826262300000003,88.73100226,6.320768488,56.68833819,mungbean,True
631,mungbean,52.66454070806503,35.0,41.0,18.0,28.70562673,81.59200689,6.705008503999999,59.87065439,mungbean,True
632,mungbean,73.30769062042236,6.0,48.0,24.0,28.6362812,84.61431076,6.790736339,48.48319335,mungbean,True
633,mungbean,69.43974614143372,29.0,36.0,25.0,28.28511547,88.4393979,7.130278657000001,48.56690235,mungbean,True
634,mungbean,60.13053059577942,4.0,36.0,22.0,27.60887393,86.13316408,7.012740397000001,43.80041104,mungbean,True
635,mungbean,64.14181813597679,10.0,59.0,22.0,28.60901145,86.99495766,7.1556850160000005,36.94616965,mungbean,True
636,mungbean,66.096610724926,14.0,48.0,21.0,29.24598976,84.80084105,6.991242362,53.43228915,mungbean,True
637,mungbean,88.5170328617096,8.0,50.0,21.0,28.62911222,89.11480590000002,6.218923893,50.49913241,mungbean,True
638,mungbean,63.04287940263749,20.0,40.0,15.0,29.57329479,88.07505524,7.199495367999999,45.04467075,mungbean,True
639,papaya,33.726484179496765,36.0,43.0,22.0,27.82684262,87.16679147,6.3898821660000005,58.37249772,mungbean,False
640,mungbean,64.59823880344629,14.0,57.0,15.0,29.8757015,83.14796296,6.623438282,40.12044158,mungbean,True
641,mungbean,80.34196436405182,11.0,60.0,23.0,27.33684386,88.50229102,7.033012777000001,51.09802625,mungbean,True
642,mungbean,65.23963006213307,10.0,59.0,15.0,29.83040388,89.30428305,6.32400451,58.86687093,mungbean,True
643,mungbean,61.56580150127411,7.0,60.0,25.0,28.2753171,82.76020821,6.397636709,56.04995423,mungbean,True
644,mungbean,43.7875859439373,2.0,47.0,15.0,29.86860065,85.99127934,6.401455706,58.41394143,mungbean,True
645,mungbean,35.32497078180313,20.0,45.0,22.0,29.5888162,89.9939693,6.904587016,54.96121262,mungbean,True
646,mungbean,76.6500073671341,2.0,39.0,15.0,28.07219563,82.9116472,6.478557136,49.61865305,mungbean,True
647,mungbean,55.72905823588371,27.0,40.0,24.0,27.84026517,89.99615558,7.063022095,52.84626009,mungbean,True
648,mungbean,38.93992282450199,35.0,48.0,15.0,27.10818093,87.45126690000002,6.981758362000001,55.03723979,mungbean,True
649,mungbean,69.46768671274185,4.0,59.0,25.0,27.68515114,81.94268594,6.227134139,54.62243308,mungbean,True
650,mungbean,70.22622406482697,1.0,48.0,24.0,29.34594634,85.60472562,6.232836962,59.03629954,mungbean,True
651,mungbean,48.735677152872086,36.0,43.0,21.0,28.36319404,84.8593608,7.140437859,52.93031105,mungbean,True
652,mungbean,79.68127489089966,11.0,46.0,24.0,27.65280218,89.80650642,6.459252023,56.52558045,mungbean,True
653,mungbean,72.40398168563843,34.0,47.0,19.0,27.31372793,85.44815232,6.568795403999999,53.15223123,mungbean,True
654,mungbean,41.238007275387645,21.0,44.0,18.0,27.06909959,86.89934108,7.12851089,50.46746116,mungbean,True
655,mungbean,73.57796460390091,17.0,58.0,20.0,28.06642822,85.91625451,6.42937879,39.23831035,mungbean,True
656,mungbean,63.91164809465408,25.0,40.0,21.0,27.73329078,81.13903037,6.248900919,44.17580911,mungbean,True
657,mungbean,67.84151434898376,2.0,38.0,18.0,27.53632932,89.92908171,6.619891497999999,45.48591922,mungbean,True
658,mungbean,79.83151316642761,9.0,48.0,20.0,29.66461594,84.28187572,6.377568542000001,56.09542002,mungbean,True
659,mungbean,59.29662078619003,37.0,49.0,25.0,29.914544300000006,85.85384444,6.415459592,41.39081525,mungbean,True
660,mungbean,29.1282647754997,36.0,38.0,15.0,28.36363858,87.59810657,6.3206620120000006,57.99524359,mungbean,True
661,papaya,39.308338994160295,40.0,58.0,15.0,29.46416042,87.60890009,6.978400282000001,43.15411472,mungbean,False
662,mungbean,61.87823422253131,30.0,44.0,16.0,29.73013036,82.89166381,6.442335592999999,50.91511275,mungbean,True
663,mungbean,64.95022594928741,1.0,59.0,23.0,27.46852989,87.17649,7.184398832,43.78420984,mungbean,True
664,mungbean,89.70201015472412,9.0,48.0,22.0,27.77076285,87.09979549,6.402926221,49.50812624,mungbean,True
665,mungbean,42.68454268574715,14.0,41.0,17.0,29.12939524,88.48312598,7.085982325,36.45012824,mungbean,True
666,mungbean,61.31904870271683,35.0,52.0,19.0,27.10606808,89.89593328,6.698574085,37.45680611,mungbean,True
667,mungbean,58.05647850036622,31.0,48.0,17.0,28.88078945,86.94206817,6.594739424,53.79732545,mungbean,True
668,mungbean,88.29089879989624,4.0,41.0,20.0,28.14720892,83.8001509,6.647965508,37.44800463,mungbean,True
669,mungbean,46.137550845742226,30.0,37.0,25.0,29.89129144,80.14487166,7.120032489,54.7960127,mungbean,True
670,mungbean,78.81486892700195,9.0,35.0,20.0,27.41503453,80.98004661,6.91380932,40.53173216,mungbean,True
671,mungbean,59.18845176696777,20.0,41.0,20.0,29.27308605,89.4875022,7.073048264,50.9246554,mungbean,True
672,mungbean,57.269466519355774,37.0,50.0,23.0,29.65296893,88.48587386,6.5304707,56.01913159,mungbean,True
673,mungbean,56.6059549152851,34.0,35.0,21.0,28.44524991,82.67639542,6.684381357,58.18713162,mungbean,True
674,mungbean,79.6361494064331,14.0,37.0,15.0,27.96235681,83.97586797,6.581351374,48.9366954,mungbean,True
675,mungbean,68.75960946083069,23.0,39.0,22.0,29.25649321,81.97952224,6.86483915,42.02483277,mungbean,True
676,mungbean,66.82500027120113,5.0,45.0,21.0,28.36291385,88.00989267,6.487124217000001,43.05130077,mungbean,True
677,mungbean,88.41906785964966,22.0,37.0,20.0,27.62749466,86.49366929,6.605733067999999,39.26137642,mungbean,True
678,mungbean,42.23900839686394,40.0,51.0,17.0,28.66086349,86.12194568,6.860602782000001,50.01534317,mungbean,True
679,mungbean,63.754443526268,27.0,56.0,20.0,29.2114218,87.11497805,6.41874299,51.53848218,mungbean,True
680,mungbean,40.92072680592537,31.0,40.0,22.0,29.40889385,86.16063492,6.365513634,53.35486977,mungbean,True
681,mungbean,84.23786759376526,38.0,36.0,21.0,28.02952623,84.8845732,6.5563729660000005,36.12042927,mungbean,True
682,mungbean,73.49183037877083,6.0,37.0,17.0,28.08657178,80.35005927,6.760694227999999,38.14476781,mungbean,True
683,mungbean,78.90901684761047,6.0,47.0,18.0,29.16174608,80.28038146,6.715276662999999,40.16545979,mungbean,True
684,blackgram,40.491977483034134,24.0,44.0,17.0,29.8596912,80.03499648,6.666380512000001,50.66487502,mungbean,False
685,mungbean,61.13205999135971,25.0,59.0,19.0,29.06631494,83.6869203,6.626629798,43.95183726,mungbean,True
686,mungbean,53.48042219877242,32.0,56.0,21.0,27.38538997,88.66663953,6.702772465,58.29933073,mungbean,True
687,mungbean,78.56714725494385,8.0,45.0,18.0,27.93034941,85.42058715,7.011030515,43.25095608,mungbean,True
688,mungbean,37.325313836336136,19.0,39.0,17.0,29.2808618,81.8009244,6.890156495,44.47427436,mungbean,True
689,orange,32.5600415840745,39.0,37.0,15.0,28.9973145,83.78911515,6.821747052,59.84499208,mungbean,False
690,mungbean,74.51648712158203,33.0,37.0,19.0,27.92678579,86.5543196,7.183189922,43.4826194,mungbean,True
691,mungbean,55.48789307475091,26.0,54.0,17.0,28.5474135,88.9570454,6.27258822,49.4897245,mungbean,True
692,mungbean,66.41971349716187,21.0,51.0,15.0,29.36488409,89.1886954,6.679127482,48.30159325,mungbean,True
693,mungbean,79.69247221946716,22.0,54.0,20.0,28.56149805,83.63802195,6.689825155,41.013132,mungbean,True
694,mungbean,63.564087748527534,29.0,45.0,16.0,28.43683487,87.91332682,6.583381939,43.12063289,mungbean,True
695,mungbean,74.79191198945045,4.0,40.0,21.0,28.79728147,80.45744422,6.725551062,44.30070517,mungbean,True
696,mungbean,44.60943281650543,10.0,37.0,22.0,28.7275267,89.12760359,7.069747813999999,58.52974279,mungbean,True
697,mungbean,84.7546398639679,4.0,44.0,19.0,27.95639663,83.52706038,6.921993877999999,43.25726752,mungbean,True
698,mungbean,54.879823327064514,20.0,45.0,17.0,28.17458662,83.69659318,6.770955317,37.2464655,mungbean,True
699,mungbean,67.78322666883469,23.0,45.0,23.0,28.77653519,86.69133979,6.983130466,56.12443206,mungbean,True
700,mungbean,29.21228796243668,25.0,48.0,21.0,28.438097,83.48991368,6.267684328,52.55469976,mungbean,True
701,blackgram,81.92620158195496,56.0,79.0,15.0,29.48439992,63.19915325,7.454532137,71.89090748,blackgram,True
702,blackgram,65.69002196192741,25.0,62.0,21.0,26.73433965,68.13999721,7.040056094,67.15096376,blackgram,True
703,blackgram,40.77292535454035,42.0,61.0,22.0,26.27274407,62.28814857,7.418650668,70.23207557,blackgram,True
704,blackgram,84.17904019355774,42.0,73.0,25.0,34.03679184,67.21113844,6.501869314,73.23573601,blackgram,True
705,blackgram,53.830589950084686,44.0,58.0,18.0,28.03644051,65.06601664,6.814410927999999,72.49507741,blackgram,True
706,blackgram,52.549538016319275,50.0,55.0,16.0,28.81460716,65.33538112,7.581442888,62.26242533,blackgram,True
707,blackgram,81.65170550346375,35.0,72.0,21.0,34.03619494,64.28791388,7.741418772,66.85510868,blackgram,True
708,blackgram,69.61139529943466,30.0,64.0,20.0,33.8642935,61.57072498,6.573531614,68.02199825,blackgram,True
709,blackgram,52.81386196613311,27.0,64.0,21.0,32.84213012,68.68401492,7.543804222999999,73.67166182,blackgram,True
710,blackgram,60.545996725559235,50.0,74.0,17.0,27.10053268,63.36085585,6.5408208,73.84949872,blackgram,True
711,blackgram,42.45332580059767,39.0,73.0,24.0,25.65842532,61.18235808,7.22405917,69.28607828,blackgram,True
712,blackgram,82.93198466300964,57.0,67.0,25.0,32.34744009,66.61452812,7.551364319,64.55882254,blackgram,True
713,blackgram,78.41832041740417,52.0,63.0,19.0,29.58949031,68.32176769,6.928898659,67.53021213,blackgram,True
714,blackgram,68.42001348733902,55.0,66.0,22.0,30.91219459,68.79427388,7.747775262999999,66.63830637,blackgram,True
715,blackgram,57.88486212491989,51.0,56.0,18.0,28.12787838,64.2097765,6.706505915,70.86340755,blackgram,True
716,blackgram,59.52360272407532,36.0,66.0,15.0,30.08545364,69.34811988,6.668238556,67.1367443,blackgram,True
717,blackgram,90.94810605049133,59.0,55.0,19.0,31.74379487,62.51007687,7.332375138,68.97097538,blackgram,True
718,blackgram,66.09799563884735,50.0,58.0,23.0,27.81326852,62.50460464,7.596802025,69.75555541,blackgram,True
719,blackgram,56.08458910137415,30.0,65.0,25.0,32.88733849,64.59457409,7.70650895,71.50569456,blackgram,True
720,blackgram,46.42317861318588,20.0,62.0,18.0,29.36358721,64.98742947,7.366542647,61.91208707,blackgram,True
721,blackgram,84.05231833457947,58.0,71.0,15.0,27.82592799,67.58618829999999,6.919243702,74.01229707,blackgram,True
722,blackgram,73.09239149093628,25.0,71.0,24.0,28.49538735,60.44848407,7.187721817999999,74.91559514,blackgram,True
723,blackgram,60.65274596214294,52.0,71.0,16.0,27.74274761,68.53997144,7.0758864720000005,71.78615328,blackgram,True
724,blackgram,56.40232592821122,40.0,63.0,18.0,30.41588462,67.66323804,6.74441168,63.02473185,blackgram,True
725,blackgram,39.97316278517246,20.0,60.0,25.0,27.3254209,69.09047809,6.726469087999999,61.19250859,blackgram,True
726,blackgram,83.65503072738647,48.0,61.0,21.0,30.28496619,61.69295127,6.628264883,65.62859526,blackgram,True
727,blackgram,87.69144415855408,49.0,68.0,22.0,28.56840626,61.53278622,7.127064207,63.49726331,blackgram,True
728,blackgram,45.76135724782944,48.0,62.0,15.0,25.36586097,66.6379724,7.538631462000001,65.81655892,blackgram,True
729,blackgram,59.75720502436162,32.0,66.0,17.0,34.9466155,65.26774011,7.162357641,70.1415139,blackgram,True
730,lentil,48.623114973306656,21.0,63.0,22.0,25.09737391,67.72837887,6.859409487000001,74.61649888,blackgram,False
731,blackgram,78.40586304664612,20.0,72.0,19.0,32.47648301,64.34848735,7.397190844,65.82045699999999,blackgram,True
732,blackgram,49.55768048763275,25.0,65.0,21.0,33.86351172,68.59232289,6.880245789,69.24464096,blackgram,True
733,lentil,40.92330411076546,41.0,78.0,21.0,25.19857725,60.37332688,6.581313137,70.88787207,blackgram,False
734,blackgram,79.42260921001434,53.0,67.0,17.0,31.77681682,69.01852894,7.296972161,61.46892873,blackgram,True
735,blackgram,78.67409408092499,39.0,60.0,21.0,34.89814946,63.59948557,6.97297656,64.72797143,blackgram,True
736,blackgram,60.8883535861969,25.0,76.0,17.0,31.74105409,68.63525428,7.241148507,62.3061735,blackgram,True
737,blackgram,50.9339164197445,21.0,78.0,19.0,27.16159076,66.76017239,6.92009048,69.85112265,blackgram,True
738,blackgram,61.01859271526337,57.0,60.0,17.0,26.23773129,67.88521396,7.504608385,73.58663968,blackgram,True
739,blackgram,91.48441433906555,56.0,75.0,15.0,30.20157245,60.06534859,7.152272256,66.37171179,blackgram,True
740,blackgram,56.65431335568428,49.0,72.0,15.0,31.55846339,67.83563765,7.137004749,74.86960831,blackgram,True
741,blackgram,64.80158627033234,24.0,80.0,19.0,29.67892453,69.0854554,6.8080417220000005,65.66436565,blackgram,True
742,blackgram,66.93037450313568,49.0,76.0,18.0,27.05365239,67.7017527,7.393631868,60.4693835,blackgram,True
743,blackgram,56.845344305038445,28.0,68.0,19.0,34.63880966,61.38597868,7.69950698,72.43169115,blackgram,True
744,blackgram,68.4120124578476,55.0,78.0,21.0,33.39438752,62.93692886,6.602888248999999,63.57445989,blackgram,True
745,blackgram,84.52303171157837,50.0,64.0,25.0,28.84079155,63.37230676,6.734447425,70.25496749,blackgram,True
746,blackgram,73.0719643831253,34.0,80.0,19.0,31.49338309,63.0563645,6.521217963,71.48327008,blackgram,True
747,lentil,42.51107454299927,20.0,68.0,23.0,25.54960633,63.95425534,7.707332484,63.1830529,blackgram,False
748,blackgram,78.35382163524628,55.0,67.0,16.0,34.37329112,69.69366426,6.596719015,70.27184748,blackgram,True
749,blackgram,78.07681977748871,23.0,70.0,15.0,34.600824700000004,63.11296779,7.403623355,60.41790253,blackgram,True
750,blackgram,87.62974381446838,53.0,74.0,15.0,29.43463808,64.94329356,7.517097,72.17818157,blackgram,True
751,blackgram,39.120673425495625,26.0,67.0,16.0,29.10713092,67.90577375,7.17620823,67.83345933,blackgram,True
752,blackgram,70.82518875598907,33.0,80.0,22.0,28.57006111,65.71765781,6.593961761,70.0866434,blackgram,True
753,blackgram,82.30077147483826,37.0,79.0,19.0,27.54384835,69.3478631,7.143942758,69.40878198,blackgram,True
754,blackgram,82.20989227294922,33.0,75.0,21.0,33.04687968,68.93875631,6.690655045,62.30278274,blackgram,True
755,mothbeans,32.43480956181884,22.0,55.0,20.0,33.95309131,69.96100028,7.423530351,61.16350463,blackgram,False
756,blackgram,60.31444311141968,20.0,68.0,17.0,30.11873003,60.11680815,6.578714842999999,71.72980375,blackgram,True
757,blackgram,88.73943209648132,43.0,68.0,20.0,29.57812712,66.17587668,7.497469256,69.43895491,blackgram,True
758,blackgram,67.19732955098152,44.0,76.0,22.0,27.26458947,68.01232937,7.775306272000001,68.91754359,blackgram,True
759,blackgram,82.69657850265503,34.0,60.0,16.0,31.35730791,64.24992106,7.322555222999999,63.85668948,blackgram,True
760,blackgram,76.19701623916626,21.0,72.0,17.0,31.52104732,66.55723677,7.580527339,61.71111448,blackgram,True
761,blackgram,64.03981626033783,25.0,68.0,19.0,29.39982732,64.25510719,7.1084501210000015,67.47677295,blackgram,True
762,blackgram,80.69968461990356,41.0,62.0,15.0,29.38400259,64.14928485,7.358974541,65.24194361,blackgram,True
763,blackgram,62.28427320718766,28.0,65.0,23.0,28.38686534,61.88871127,7.405176138,74.24459122,blackgram,True
764,blackgram,56.2581068277359,35.0,64.0,15.0,28.47442276,63.53604453,6.500144962,69.5274407,blackgram,True
765,blackgram,81.70597195625305,52.0,58.0,16.0,30.64095781,61.14508627,7.167435834,71.36947525,blackgram,True
766,blackgram,60.52936732769012,58.0,75.0,25.0,25.25596239,61.36669662,7.261791753,68.64685069,blackgram,True
767,blackgram,63.87167096138,34.0,66.0,19.0,32.97030511,60.18122078,7.586642101,73.44678678,blackgram,True
768,blackgram,83.56149196624756,52.0,70.0,16.0,33.66855394,66.60416867,7.534811832999999,67.32520551,blackgram,True
769,blackgram,48.61094355583191,23.0,57.0,19.0,32.83963757,67.99803573,7.251000789,73.40452716,blackgram,True
770,blackgram,44.7542729973793,42.0,58.0,25.0,27.45853567,62.90020977,6.513620917999999,69.46020927,blackgram,True
771,blackgram,60.007306933403015,37.0,62.0,17.0,25.68576704,69.84354028,7.121254928,74.62068748,blackgram,True
772,blackgram,76.20576858520508,44.0,75.0,22.0,30.0328403,64.14800537,7.574561547,71.21006868,blackgram,True
773,blackgram,70.38532733917236,21.0,80.0,20.0,28.20667264,68.27085245,7.350869792,64.32887142,blackgram,True
774,blackgram,51.18822157382965,56.0,76.0,16.0,28.27265858,61.18956161,7.5131510760000015,63.29900785,blackgram,True
775,blackgram,55.62272384762764,29.0,76.0,15.0,28.541723600000005,64.2020154,7.0256077060000015,69.68862306,blackgram,True
776,blackgram,61.92381680011749,43.0,61.0,20.0,26.87187036,61.61367264,6.804253866,63.51822045,blackgram,True
777,blackgram,69.00199487805367,55.0,60.0,15.0,32.79766751,68.77994074,7.163043872,64.11411069,blackgram,True
778,blackgram,48.27421277761459,44.0,63.0,15.0,26.42333018,64.51136845,7.338929556,63.46546487,blackgram,True
779,blackgram,52.5553685426712,29.0,67.0,21.0,29.79181107,63.38789228,6.621323612,63.02169909,blackgram,True
780,blackgram,80.44843077659607,47.0,63.0,16.0,27.44003279,67.10464369,6.661870999,72.50669768,blackgram,True
781,blackgram,71.08380198478699,40.0,68.0,17.0,34.1262979,65.14877461,7.733149554,70.40795007,blackgram,True
782,blackgram,77.43507117033005,58.0,61.0,15.0,30.94908189,64.23364112,7.402891666,62.78730907,blackgram,True
783,blackgram,74.04610872268677,41.0,74.0,18.0,28.75751783,61.02701476,6.599147297999999,73.37686831,blackgram,True
784,blackgram,70.34444630146027,58.0,79.0,17.0,27.24766491,66.10123083,7.04174124,62.31842057,blackgram,True
785,blackgram,64.39035251736641,27.0,62.0,24.0,28.63005477,66.770943,7.353876754,62.2737345,blackgram,True
786,blackgram,57.00571954250335,27.0,60.0,17.0,26.41768321,63.64698302,7.026795358999999,64.42177127,blackgram,True
787,blackgram,46.52935639023781,52.0,65.0,20.0,32.81705216,66.15665137,6.814301033,68.83924882,blackgram,True
788,blackgram,63.30139309167861,44.0,55.0,25.0,29.6321052,65.91359954,7.42160832,71.16331975,blackgram,True
789,blackgram,87.93021082878113,21.0,62.0,24.0,33.49077065,62.73317204,6.8473828910000005,65.45328463,blackgram,True
790,blackgram,85.02238750457764,60.0,59.0,22.0,31.86847286,66.74217464,7.191522601,74.22238583,blackgram,True
791,blackgram,87.5585925579071,33.0,77.0,21.0,30.32992227,65.62971858,7.01285529,71.64631281,blackgram,True
792,blackgram,75.64890027046204,59.0,58.0,17.0,28.546224,66.31394098,7.368318809,62.83469851,blackgram,True
793,blackgram,64.54768478870392,29.0,63.0,17.0,30.02629908,67.88811637,7.26154329,66.47264636,blackgram,True
794,blackgram,72.99034237861633,59.0,63.0,18.0,31.65531175,60.13263713,6.52669158,66.69096751,blackgram,True
795,blackgram,75.4430878162384,29.0,70.0,15.0,30.33499674,63.54718862,6.872594461,74.16699119,blackgram,True
796,blackgram,74.68694686889648,58.0,73.0,16.0,33.36984395,65.67718163,6.874142175,64.89517488,blackgram,True
797,blackgram,96.563560962677,55.0,77.0,22.0,31.4345059,62.99303471,7.76061831,64.77651469,blackgram,True
798,blackgram,87.29615807533264,42.0,79.0,23.0,27.71678273,63.29103387,6.781841984,68.56507978,blackgram,True
799,blackgram,93.16964030265808,44.0,77.0,21.0,32.63918668,61.3009051,7.326980454,61.83876146,blackgram,True
800,blackgram,80.3490686416626,38.0,62.0,25.0,32.7477393,67.77954584,7.453975408,63.37784443,blackgram,True
801,blackgram,64.12347093224525,32.0,76.0,15.0,28.05153602,63.49802189,7.604110177000001,43.35795377,lentil,False
802,lentil,92.06636905670166,13.0,61.0,22.0,19.44084326,63.27771461,7.728832424,46.83130119,lentil,True
803,blackgram,62.94732078909874,38.0,60.0,20.0,29.84823072,60.63872613,7.491217102,46.80452595,lentil,False
804,lentil,88.01988244056702,11.0,74.0,17.0,21.36383757,69.92375891,6.633864582,46.6352865,lentil,True
805,blackgram,44.992414340376854,37.0,71.0,16.0,26.28663931,68.51966729,7.324863481,46.13833007,lentil,False
806,lentil,55.80453097820281,29.0,71.0,18.0,22.17499963,62.13873825,6.410441476,53.46622584,lentil,True
807,lentil,53.20674687623978,2.0,72.0,18.0,26.57597546,60.97876599,7.836719564,50.89110726,lentil,True
808,lentil,25.325760543346405,6.0,59.0,21.0,26.58972517,66.14007674,6.139215944,50.90994463,lentil,True
809,lentil,80.9229165315628,13.0,64.0,20.0,19.1345771,62.57526895,6.590571088,36.46946971,lentil,True
810,lentil,45.82984417676926,8.0,58.0,17.0,28.75273118,69.15640149,7.286049977999999,35.15426171,lentil,True
811,lentil,48.511104732751846,6.0,77.0,20.0,25.78746268,60.2816298,6.058306161,49.14337177,lentil,True
812,lentil,68.6724841594696,2.0,75.0,22.0,23.89271875,61.78779413,6.658605362,52.55730112,lentil,True
813,blackgram,44.50514227151871,3.0,69.0,23.0,28.67408774,63.18832976,7.299360767,42.96018627,lentil,False
814,blackgram,48.9445298910141,27.0,80.0,24.0,28.42062847,61.77336343,7.815210661,49.02366803,lentil,False
815,lentil,62.31529712677002,39.0,78.0,15.0,21.35499456,62.60136323,5.925391795,41.78219834,lentil,True
816,lentil,72.11445748806,40.0,79.0,17.0,21.12695586,63.18738532,6.403683619,38.71834464,lentil,True
817,lentil,53.68190228939056,37.0,62.0,22.0,24.02037872,61.62313345,7.397546271,49.78102578,lentil,True
818,lentil,38.06262799538672,31.0,60.0,24.0,25.40474421,65.8567539,7.722335992,51.92057267,lentil,True
819,blackgram,74.34918165206909,22.0,67.0,22.0,29.03017561,64.49166566,7.475926645,54.93937710000001,lentil,False
820,lentil,93.27876925468445,3.0,78.0,18.0,20.21368219,68.65257685,6.887130053,50.89732989,lentil,True
821,lentil,53.828102648258216,4.0,80.0,16.0,29.19585548,68.01965728,7.441976825,44.93261911,lentil,True
822,lentil,79.7135603427887,13.0,61.0,24.0,18.29783597,69.6897615,7.629910252999999,49.39111479,lentil,True
823,lentil,54.728664606809616,12.0,66.0,20.0,27.41434987,63.41785982,7.336117221,44.43177543,lentil,True
824,lentil,58.373210430145264,4.0,61.0,21.0,24.84063998,60.09116626,6.75020529,48.77790371,lentil,True
825,blackgram,42.41368919610977,9.0,60.0,21.0,29.94413861,67.31323084,7.52178027,40.37113729,lentil,False
826,lentil,66.56242072582245,18.0,66.0,22.0,25.87990287,67.55109024,6.347379185,47.89645224,lentil,True
827,lentil,76.81087642908096,32.0,56.0,18.0,20.0467711,65.84395319,7.135251532000001,46.05333124,lentil,True
828,lentil,90.50538778305054,6.0,72.0,15.0,22.99451999,66.70897237,7.670178119,54.49044154,lentil,True
829,lentil,60.96209079027176,15.0,77.0,20.0,25.13163619,66.92642362,7.399749291,49.04015558,lentil,True
830,mothbeans,64.8396971821785,0.0,65.0,24.0,28.49584395,62.44616219,7.841496029,53.14531023,lentil,False
831,lentil,83.3115816116333,30.0,79.0,22.0,18.28766124,69.48515056,6.254216611,48.60449438,lentil,True
832,lentil,82.20590949058533,3.0,63.0,16.0,24.38041875,61.18458224,6.868881707999999,53.13946695,lentil,True
833,lentil,93.98862600326538,2.0,78.0,23.0,21.31852148,66.43934593,7.320514721,45.42616802,lentil,True
834,lentil,91.40070676803589,10.0,78.0,18.0,18.54141834,62.70637578,6.296976913,44.07819743,lentil,True
835,lentil,54.11038652062417,14.0,67.0,25.0,25.28710601,60.85993533,7.241151936,49.37369982,lentil,True
836,lentil,64.68724548816681,39.0,65.0,23.0,25.43459777,69.12613376,7.685959305,41.02682925,lentil,True
837,blackgram,47.18201696872711,19.0,72.0,15.0,28.83600962,69.76112921,6.890760124,44.08562546,lentil,False
838,lentil,27.2206362336874,18.0,57.0,21.0,27.37659643,63.93927841,6.155915975,49.47371773,lentil,True
839,mothbeans,38.24632093310356,31.0,58.0,15.0,28.31886863,60.19461399,6.167855382000001,45.36521251,lentil,False
840,blackgram,53.69805097579956,28.0,58.0,25.0,27.4818649,62.04814951,6.861640036,37.81123974,lentil,False
841,lentil,96.29043340682983,5.0,65.0,19.0,18.28072173,68.10365387,6.978361689,48.80253285,lentil,True
842,lentil,38.17729249596596,16.0,65.0,19.0,27.61204997,69.29786244,7.043160241,42.72374404,lentil,True
843,lentil,66.91950142383575,34.0,65.0,19.0,23.43974653,63.22011726,5.94239222,45.40277297,lentil,True
844,lentil,69.83362466096878,14.0,69.0,19.0,20.95628486,63.68128841,7.239455147,52.39881209,lentil,True
845,lentil,45.214533507823944,22.0,55.0,16.0,23.7937153,68.03209183,6.516317561,49.73922097,lentil,True
846,lentil,52.28781193494797,24.0,61.0,17.0,22.6371424,65.44544859,6.233269045,38.30411077,lentil,True
847,lentil,83.6532860994339,2.0,79.0,15.0,21.53577883,65.47227704,7.505283615,35.75107592,lentil,True
848,blackgram,64.25450801849365,26.0,63.0,17.0,29.87854588,65.73085206,6.950300686,44.95654782,lentil,False
849,lentil,28.266463354229927,27.0,61.0,15.0,25.2653291,67.10004577,6.958054839,48.33941188,lentil,True
850,lentil,71.29364773631096,24.0,70.0,16.0,25.17885316,68.93307305,6.54803469,35.03484812,lentil,True
851,lentil,72.5100302696228,13.0,74.0,25.0,24.12192608,61.09533545,6.461618577,44.23629285,lentil,True
852,lentil,76.47306844592094,6.0,64.0,23.0,23.33565221,67.40460704,7.065264073,36.18678721,lentil,True
853,lentil,74.41201150417328,12.0,58.0,23.0,21.74600081,63.39503184,6.765091462000001,50.43306085,lentil,True
854,pigeonpeas,27.69141440279782,32.0,79.0,22.0,27.60195453,63.46170674,5.91645379,54.37814199,lentil,False
855,lentil,77.76416659355164,6.0,68.0,18.0,24.388717,62.50453062,6.711341147000001,47.26052494,lentil,True
856,lentil,40.07839545607567,10.0,79.0,20.0,24.98287462,66.895409,6.379881442,38.21370568,lentil,True
857,blackgram,56.56511068344117,38.0,77.0,22.0,28.234829,69.3159965,6.313284267999999,35.36831423,lentil,False
858,lentil,41.90052881836891,17.0,74.0,17.0,26.03026959,69.55863145,7.393210848,37.11395801,lentil,True
859,blackgram,48.74208763241768,26.0,68.0,24.0,28.04849594,64.07691942,7.504930973,37.15824966,lentil,False
860,lentil,85.72507381439209,23.0,75.0,17.0,24.87425505,64.00213929,7.198076286,48.28137482,lentil,True
861,lentil,63.75473201274872,32.0,78.0,22.0,23.97081395,62.35557553,7.007037515,53.40906048,lentil,True
862,lentil,83.19099128246307,19.0,79.0,19.0,20.06003985,67.76252583,6.677262562,42.89509057,lentil,True
863,lentil,79.62888717651367,22.0,60.0,18.0,19.59221047,61.28633405,6.74398035,41.7704893,lentil,True
864,blackgram,64.91033673286438,28.0,69.0,16.0,29.77013109,66.29327012,6.547361617999999,35.69674138,lentil,False
865,lentil,45.4121558368206,1.0,67.0,21.0,27.52135365,60.53657684,6.551577598,48.06491307,lentil,True
866,lentil,46.11853539943695,12.0,67.0,23.0,25.62896213,63.14909763,6.585020302999999,45.49683991,lentil,True
867,lentil,61.24763906002044,36.0,67.0,20.0,20.39078312,60.47528931,6.924042372000001,53.31508572,lentil,True
868,lentil,50.3113254904747,28.0,70.0,21.0,25.39038396,60.4989659,7.437373666,39.18374505,lentil,True
869,lentil,51.486674547195435,12.0,71.0,19.0,24.91079638,60.71367427,7.142611056000002,42.19740397,lentil,True
870,blackgram,40.51267862319946,22.0,68.0,16.0,27.70496805,63.20915034,7.74672376,37.46160727,lentil,False
871,lentil,77.00095117092133,26.0,66.0,22.0,18.06486101,65.1034354,6.300479414,51.54922825,lentil,True
872,lentil,53.8841238617897,16.0,65.0,16.0,18.13027797,62.45851612,6.078724107,50.6128521,lentil,True
873,lentil,69.14580196142197,14.0,59.0,22.0,23.82723528,67.89815262,6.76660668,46.90725077,lentil,True
874,lentil,68.12067747116089,33.0,59.0,19.0,23.19305333,62.74710773,7.641024177,49.55213308,lentil,True
875,lentil,65.52481830120087,21.0,63.0,17.0,25.08966129,68.17543102,6.559681838,41.45486619,lentil,True
876,lentil,67.78471946716309,0.0,69.0,21.0,25.86928193,61.88321072,7.072923306,36.68284038,lentil,True
877,lentil,89.7813868522644,10.0,75.0,17.0,18.43966037,68.05394959,7.732194787999999,39.00992137,lentil,True
878,blackgram,33.30952167510986,30.0,61.0,18.0,27.14911056,67.02664337,6.157782589,52.50812701,lentil,False
879,lentil,82.40989804267883,0.0,74.0,17.0,23.33375853,64.50515776,7.240988401,47.01510708,lentil,True
880,blackgram,58.50804030895234,35.0,74.0,22.0,26.7230014,62.96841833,6.898905799,42.87274897,lentil,False
881,lentil,94.17145609855652,7.0,63.0,24.0,19.55750776,64.45268309,6.818681086000002,53.04669416,lentil,True
882,mungbean,34.6568638831377,9.0,56.0,17.0,26.13708256,66.7729209,6.261937875,46.48280681,lentil,False
883,blackgram,57.52079427242279,14.0,74.0,15.0,27.99990346,65.57653373,6.493036868,49.94043064,lentil,False
884,blackgram,42.19351023435593,14.0,76.0,20.0,29.05941162,62.10652364,7.042474679,36.5011366,lentil,False
885,mothbeans,31.290791602805257,36.0,65.0,16.0,25.71269843,64.1123333,7.692013657,50.17067771,lentil,False
886,lentil,86.325124502182,28.0,67.0,21.0,21.79792649,63.73086065,6.250994222999999,46.62370222,lentil,True
887,lentil,56.98939889669419,28.0,79.0,16.0,24.70626432,60.26854183,6.0521848810000005,53.12442925,lentil,True
888,lentil,57.611449365504086,40.0,61.0,22.0,20.94981756,65.8108757,7.002216044,44.23913012,lentil,True
889,lentil,54.50716137886047,10.0,70.0,19.0,24.84918386,68.98088448,7.272427638,41.61080544,lentil,True
890,lentil,89.58618640899658,12.0,80.0,19.0,21.91041045,65.21662467,5.962001484,36.10211371,lentil,True
891,blackgram,50.82933694124222,37.0,77.0,20.0,25.93381964,68.70533022,7.080506001,51.02372773,lentil,False
892,blackgram,49.625303745269775,0.0,67.0,22.0,29.82112112,69.4073209,6.5937983870000005,51.56461082,lentil,False
893,blackgram,49.498910903930664,7.0,73.0,25.0,27.52185591,63.13215259,7.28805662,45.20841071,lentil,False
894,blackgram,40.12535750865936,10.0,56.0,18.0,27.99627907,68.6428593,7.32710972,46.10585191,lentil,False
895,lentil,73.09313356876373,39.0,70.0,15.0,20.76774783,63.90164154,6.366355781,47.9271552,lentil,True
896,lentil,54.27940964698792,26.0,56.0,22.0,23.05276444,60.424786,7.011121216,52.60285259,lentil,True
897,lentil,88.2379674911499,9.0,77.0,17.0,21.65845777,63.58337146,6.280725549,38.07659414,lentil,True
898,lentil,61.38705804944038,4.0,59.0,19.0,26.25070298,67.62779652,7.621494566,40.8106299,lentil,True
899,lentil,73.47419500350952,34.0,73.0,15.0,20.97195263,63.83179889,7.630424082999999,53.10207889,lentil,True
900,lentil,63.92116844654083,33.0,77.0,15.0,23.89736406,66.32102048,7.802212437,40.74536757,lentil,True
901,coconut,49.76201490499079,2.0,24.0,38.0,24.55981624,91.63536236,5.922935513,111.9684622,pomegranate,False
902,pomegranate,81.26063108444214,6.0,18.0,37.0,19.65690085,89.93701023,5.937649577999999,108.0458926,pomegranate,True
903,pomegranate,67.77382850646973,8.0,26.0,36.0,18.78359608,87.4024767,6.804781106,102.5184759,pomegranate,True
904,pomegranate,54.843183010816574,37.0,18.0,39.0,24.1469628,94.5110662,6.424670614,110.2316633,pomegranate,True
905,pomegranate,71.45276069641113,0.0,27.0,38.0,22.44581266,89.90147027,6.7380162210000005,109.3905998,pomegranate,True
906,orange,45.240952372550964,31.0,25.0,38.0,24.96273236,92.40501423,6.4973666770000005,109.4169192,pomegranate,False
907,pomegranate,60.90622343122959,21.0,21.0,38.0,22.5526059,89.32594859999998,6.327673765,104.8955643,pomegranate,True
908,pomegranate,60.0017125159502,6.0,30.0,40.0,22.77035608,91.45498527,6.36137446,106.9659201,pomegranate,True
909,pomegranate,62.25496456027031,25.0,27.0,41.0,19.20090378,94.27659596,6.9235093710000015,108.0423555,pomegranate,True
910,pomegranate,68.53168815374374,15.0,11.0,38.0,23.12808226,92.68328358,6.630646082999999,109.3930157,pomegranate,True
911,coconut,47.06129491329193,14.0,5.0,36.0,24.92639065,85.19098079,5.832525853,104.7693804,pomegranate,False
912,pomegranate,69.74390685558319,16.0,10.0,41.0,24.77464458,85.63608688,6.738993954,105.7595811,pomegranate,True
913,pomegranate,67.6609480381012,36.0,7.0,37.0,19.8671184,86.35590206,5.782435567,108.3168858,pomegranate,True
914,pomegranate,53.55660118162632,4.0,20.0,41.0,24.26601316,93.7974061,6.537042717,104.5375109,pomegranate,True
915,pomegranate,36.99294716119766,29.0,22.0,40.0,23.62600218,89.73266695,6.145104401,107.6836871,pomegranate,True
916,pomegranate,85.87337613105774,16.0,15.0,42.0,19.67832052,89.08935702,6.890784045,108.5468633,pomegranate,True
917,pomegranate,55.861173272132866,18.0,27.0,41.0,22.36509395,92.30882391,7.175344328,104.8216333,pomegranate,True
918,pomegranate,68.0199459195137,11.0,18.0,42.0,21.57936934,94.88267728,5.938528744,102.8593382,pomegranate,True
919,pomegranate,77.68989115953445,5.0,15.0,38.0,18.26233221,88.16779129,5.709380472,108.0756727,pomegranate,True
920,pomegranate,62.08463728427886,18.0,23.0,44.0,23.71028128,89.61794165,6.184400085,105.64999070000002,pomegranate,True
921,pomegranate,61.522513031959534,9.0,8.0,40.0,22.48720144,89.9224883,6.553509673,111.6631582,pomegranate,True
922,pomegranate,51.78300380706787,40.0,27.0,45.0,21.66024980000001,94.79397419,5.885638185,112.4349689,pomegranate,True
923,pomegranate,78.40493738651276,22.0,23.0,44.0,20.13037175,89.31505137,6.1438746910000015,107.3416913,pomegranate,True
924,pomegranate,92.67431259155273,9.0,16.0,39.0,18.41164435,91.11927248,6.101198974,105.1834976,pomegranate,True
925,pomegranate,65.12899160385132,12.0,29.0,40.0,19.68291173,89.75272999,6.594037135,111.2818551,pomegranate,True
926,pomegranate,44.39334809780121,0.0,17.0,42.0,23.20242586,91.19442671,6.8598408210000015,109.0946323,pomegranate,True
927,pomegranate,79.66557145118713,2.0,21.0,44.0,18.92157197,87.31290342,6.56893406,102.8013275,pomegranate,True
928,pomegranate,84.52042758464813,28.0,6.0,40.0,22.10621387,91.34039616,6.769855664,106.8704803,pomegranate,True
929,pomegranate,80.24105548858643,8.0,23.0,44.0,18.47412402,89.68919664,7.130837931,108.4758509,pomegranate,True
930,pomegranate,67.10533529520035,29.0,16.0,36.0,19.81069447,88.92944254,5.7403380020000006,102.860084,pomegranate,True
931,pomegranate,52.28377781808376,17.0,18.0,43.0,24.4880844,90.83687246,5.843005428,103.1969341,pomegranate,True
932,pomegranate,63.76446917653084,34.0,21.0,42.0,18.75927679,89.93457597,6.648687273999999,111.0196744,pomegranate,True
933,pomegranate,64.13742780685425,21.0,23.0,42.0,19.54128063,90.29751796,6.902751061,104.3739878,pomegranate,True
934,pomegranate,69.25234377384186,25.0,17.0,40.0,18.91251245,87.74938524,6.608023872,111.28005159999998,pomegranate,True
935,pomegranate,55.68834230303764,8.0,25.0,36.0,19.91330523,94.95031368,6.828522375,104.0277061,pomegranate,True
936,pomegranate,50.8838813006878,26.0,18.0,42.0,19.72620525,89.64934166,6.910374919,108.22872759999998,pomegranate,True
937,pomegranate,81.71604633331299,4.0,19.0,42.0,23.83185873,87.84034604,6.306605528,111.2232716,pomegranate,True
938,pomegranate,57.67471790313721,36.0,24.0,41.0,24.94467632,94.25702672,7.009180374,103.8799347,pomegranate,True
939,pomegranate,42.0881487429142,5.0,24.0,40.0,24.692258,93.87030088,6.297907578999999,104.6735454,pomegranate,True
940,pomegranate,41.83641880750656,19.0,17.0,39.0,24.72485577,85.56083187,6.728599215,111.2787584,pomegranate,True
941,orange,56.35007441043853,39.0,30.0,38.0,20.12644921,87.59629625,6.965156737999999,108.065579,pomegranate,False
942,pomegranate,84.23637747764587,5.0,29.0,44.0,21.02432943,93.0569505,5.578095745,104.7847006,pomegranate,True
943,pomegranate,66.30956128239632,4.0,24.0,43.0,22.40423537,88.1508343,7.199504273,109.8695196,pomegranate,True
944,pomegranate,36.654967963695526,38.0,21.0,35.0,20.33691147,89.38003827,5.841367187,110.9653137,pomegranate,True
945,pomegranate,71.00813865661621,37.0,11.0,36.0,24.24779615,85.56033312,6.710143266,106.9216033,pomegranate,True
946,pomegranate,41.33503213059157,9.0,25.0,41.0,24.81530144,91.90842992,5.972714857000001,109.2853418,pomegranate,True
947,pomegranate,79.02387738227844,29.0,22.0,43.0,19.66329768,87.95158129,5.561851831,106.0380805,pomegranate,True
948,pomegranate,60.75979888439178,5.0,21.0,38.0,22.43377991,90.3396556,6.107054807999999,112.459697,pomegranate,True
949,pomegranate,47.39038020372391,22.0,26.0,38.0,22.92052307,85.12912161,6.988035315,110.2437841,pomegranate,True
950,pomegranate,65.95213174819946,4.0,18.0,37.0,22.91843172,85.40695044,7.13147457,106.2817706,pomegranate,True
951,orange,55.46252094209194,21.0,6.0,41.0,24.88244467,89.39686219,7.086947687,107.1951707,pomegranate,False
952,pomegranate,48.86029809713364,29.0,21.0,45.0,23.40981539,93.13277,6.749260456,105.2240743,pomegranate,True
953,orange,49.10939320921898,23.0,5.0,44.0,21.20725375,94.26304717,7.16300467,107.5660804,pomegranate,False
954,pomegranate,59.41123783588409,13.0,7.0,43.0,18.20230419,91.12282162,7.013481515,109.66239740000002,pomegranate,True
955,pomegranate,68.68076741695404,5.0,13.0,37.0,22.34375696,89.7870345,5.648243648999999,103.3183074,pomegranate,True
956,pomegranate,41.68717324733734,27.0,24.0,41.0,24.32770134,90.88292835,6.610251186,110.4606459,pomegranate,True
957,orange,49.39999520778656,7.0,23.0,35.0,19.75088482,88.71691157,7.054313822999999,102.5538035,pomegranate,False
958,pomegranate,85.72165012359619,12.0,20.0,39.0,19.86173586,86.19740917,6.026999326,111.0217929,pomegranate,True
959,pomegranate,88.50369811058044,4.0,19.0,43.0,18.07132963,93.14554876,5.7794274020000005,106.3602023,pomegranate,True
960,pomegranate,70.1145887374878,3.0,9.0,45.0,23.89162561,89.61850203,6.535244251,104.617522,pomegranate,True
961,pomegranate,70.83020716905594,1.0,27.0,36.0,23.98598756,93.34236582,5.684995235,104.991282,pomegranate,True
962,pomegranate,72.18456834554672,23.0,30.0,44.0,20.93892916,85.42912869,6.12476108,103.0295938,pomegranate,True
963,pomegranate,67.21673130989075,24.0,21.0,42.0,20.82210727,87.22815682,6.999014379,109.4429934,pomegranate,True
964,pomegranate,69.035364985466,13.0,30.0,37.0,20.86474944,91.61793636,6.277148771,106.8685636,pomegranate,True
965,pomegranate,40.5808147508651,40.0,11.0,44.0,24.45840036,86.10874614,6.322396027000001,111.3779693,pomegranate,True
966,pomegranate,48.899176865816116,21.0,9.0,40.0,24.51147697,90.64498715,5.956401828,105.6209954,pomegranate,True
967,coconut,53.780947923660285,3.0,27.0,44.0,24.56811204,92.03009222,6.591302797000001,110.9633894,pomegranate,False
968,pomegranate,62.202637791633606,40.0,29.0,42.0,24.63228709,89.01574455,7.104094929,110.6956184,pomegranate,True
969,pomegranate,71.0808676481247,14.0,25.0,40.0,20.07386547,90.97819712,6.407872061,103.7084055,pomegranate,True
970,pomegranate,63.529832363128655,38.0,14.0,37.0,21.80523051,94.63612858,6.658402594,102.6488846,pomegranate,True
971,pomegranate,55.68836763501167,34.0,9.0,36.0,22.8122645,86.34233767,6.276038961,110.4432293,pomegranate,True
972,pomegranate,77.56569623947144,32.0,14.0,37.0,22.73031253,88.48567856,6.825256236,104.6843243,pomegranate,True
973,pomegranate,42.353392178192735,18.0,21.0,35.0,23.2801227,94.94330457,6.368560522,111.1382096,pomegranate,True
974,orange,57.99931332468986,8.0,23.0,38.0,19.30106297,87.1775172,7.005410734,105.4766591,pomegranate,False
975,pomegranate,54.58170056343079,15.0,6.0,41.0,19.0087067,88.83768149,6.8973684770000006,108.6793978,pomegranate,True
976,pomegranate,49.376296401023865,0.0,5.0,36.0,24.35193812,90.88612388,6.152906502,105.529185,pomegranate,True
977,coconut,83.39338779449463,22.0,9.0,44.0,24.72235539,88.87651295,5.744361602000001,112.1926517,pomegranate,False
978,pomegranate,69.64274406433105,14.0,8.0,43.0,21.92513945,94.46485312,7.051654924,111.71620159999998,pomegranate,True
979,pomegranate,62.0695385336876,31.0,11.0,45.0,24.83954414,86.88738076,6.034612928,107.6435771,pomegranate,True
980,pomegranate,75.89212536811829,39.0,17.0,45.0,18.09691127,90.42177379,6.9244907310000015,104.88188999999998,pomegranate,True
981,pomegranate,62.04253077507019,10.0,5.0,42.0,20.24104904,91.08706822,6.887005997,109.2537734,pomegranate,True
982,orange,59.364617466926575,8.0,28.0,38.0,23.22594,94.42971362,6.8444019,105.6917856,pomegranate,False
983,pomegranate,69.3166047334671,32.0,13.0,42.0,23.50128217,92.97527546,5.786058032000001,106.61905,pomegranate,True
984,pomegranate,68.00675809383392,18.0,9.0,40.0,19.44623085,89.02127045,5.627186257000001,106.1606833,pomegranate,True
985,pomegranate,82.92348146438599,20.0,27.0,41.0,20.51343484,92.51675903,5.700088663,110.5764023,pomegranate,True
986,pomegranate,67.85273313522339,39.0,25.0,36.0,18.90223032,94.99897537,5.567805185,107.6103211,pomegranate,True
987,pomegranate,88.07542324066162,20.0,7.0,45.0,18.90592319,89.24126808,6.077886012,112.4750941,pomegranate,True
988,pomegranate,52.29129463434219,11.0,10.0,45.0,22.63045168,88.45577158,6.397995609,109.0357597,pomegranate,True
989,pomegranate,82.85480618476868,40.0,18.0,43.0,19.38603815,86.79058496,5.767372539,109.91309840000002,pomegranate,True
990,orange,47.08598658442497,3.0,26.0,39.0,24.38318965,91.19431555,7.079973241,103.6012114,pomegranate,False
991,coconut,49.74408447742462,9.0,16.0,36.0,23.77989026,92.93386903,5.893332377999999,106.977723,pomegranate,False
992,pomegranate,71.78334474563599,30.0,20.0,38.0,22.59890174,93.16343942,7.058222596,110.0932899,pomegranate,True
993,pomegranate,40.35716950893402,40.0,9.0,41.0,24.37766782,85.4017118,5.78270695,106.128338,pomegranate,True
994,pomegranate,58.43369722366333,40.0,30.0,35.0,20.89273273,91.07776977,6.269663962999999,104.4407083,pomegranate,True
995,pomegranate,63.005415201187134,32.0,25.0,35.0,18.09903225,85.70786282,5.892913826,107.0050976,pomegranate,True
996,pomegranate,59.42213773727417,33.0,23.0,45.0,20.00218987,85.83618191,7.116538883,112.337046,pomegranate,True
997,pomegranate,66.61860167980194,4.0,14.0,41.0,19.85139326,89.80732335,6.430163481,102.8186358,pomegranate,True
998,pomegranate,52.617327570915215,13.0,17.0,45.0,21.25433607,92.65058936,7.159520979,106.2784673,pomegranate,True
999,pomegranate,37.607316970825195,39.0,24.0,39.0,23.65374106,93.32657504,6.431265737,109.8076178,pomegranate,True
1000,pomegranate,57.53584265708923,8.0,28.0,37.0,23.88404783,86.20613842,6.082571701,108.3121789,pomegranate,True
1001,banana,92.26949334144592,91.0,94.0,46.0,29.36792366,76.24900101,6.149934034,92.82840911,banana,True
1002,banana,99.83206868171692,105.0,95.0,50.0,27.33368994,83.67675197,5.849076099,101.0494791,banana,True
1003,banana,99.63879942893982,108.0,92.0,53.0,27.40053601,82.96221306,6.276800323,104.9378,banana,True
1004,banana,63.27686071395874,86.0,76.0,54.0,29.3159075,80.11585705,5.926824754,90.10978128,banana,True
1005,banana,81.67990908026695,80.0,77.0,49.0,26.05433004,79.39654531,5.519088423,113.2297373,banana,True
1006,banana,84.32751417160034,93.0,94.0,53.0,25.86632408,84.42379269,6.079178787999999,114.5357503,banana,True
1007,banana,95.53820013999939,90.0,92.0,55.0,27.00932084,80.18546798,6.13465588,97.32531705,banana,True
1008,banana,98.48450541496277,108.0,89.0,53.0,29.55054817,78.06762846,5.808497603999999,99.34482238,banana,True
1009,banana,85.52515506744385,108.0,88.0,55.0,26.28845991,83.390039,5.891458107,113.8729798,banana,True
1010,banana,91.21341705322266,105.0,77.0,52.0,29.16226551,76.16151562,5.816622478999999,100.0075679,banana,True
1011,banana,98.34972977638245,118.0,88.0,52.0,28.65003945,82.68752542,5.8431631610000005,98.75084366,banana,True
1012,banana,98.13229203224182,101.0,87.0,54.0,29.07311132,76.50045221,6.376756632999999,100.1692639,banana,True
1013,banana,84.7055846452713,95.0,75.0,50.0,28.08166093,75.26429821,5.623615687000001,118.2761894,banana,True
1014,banana,98.10102939605713,106.0,85.0,53.0,27.1994597,78.80860679999998,5.91505509,99.72430835,banana,True
1015,banana,57.965319752693176,86.0,95.0,49.0,28.05484146,78.04602887,6.458714879,108.3957179,banana,True
1016,banana,90.59503555297852,83.0,79.0,55.0,25.14748006,83.34688193,5.565028635,98.66679427,banana,True
1017,banana,87.02305197715759,85.0,95.0,47.0,25.94019018,78.3422098,6.211833161,119.84797,banana,True
1018,banana,78.47169600427151,109.0,79.0,45.0,27.66752761,79.68542782,6.490074429,108.66464,banana,True
1019,banana,78.59319873154163,100.0,76.0,45.0,25.56703012,75.94067692,5.590236025,102.7867717,banana,True
1020,banana,82.71262526512146,117.0,86.0,48.0,28.6956201,82.54195839,6.225225238999999,116.1616839,banana,True
1021,banana,93.4484338760376,114.0,94.0,53.0,26.33544853,76.8532006,6.190757458999999,118.6858263,banana,True
1022,banana,87.2084254026413,110.0,78.0,50.0,25.93730186,78.89864446,5.915568968,98.21747528,banana,True
1023,banana,77.04687356948853,94.0,70.0,48.0,25.13686519,84.88394407,6.195152442,91.46442491,banana,True
1024,banana,62.64360338449478,80.0,71.0,47.0,27.50527651,80.79783998,6.156373499,105.0776992,banana,True
1025,banana,61.172546520829194,114.0,79.0,51.0,26.21009246,82.34429458,6.313197204,112.0700033,banana,True
1026,banana,47.08476975560188,88.0,78.0,45.0,29.10403455,79.19588629,6.324270089,92.07835761,banana,True
1027,banana,94.68360781669617,112.0,73.0,48.0,29.244063800000006,77.32017166,5.7074889870000005,90.66727868,banana,True
1028,banana,80.68388402462006,117.0,76.0,47.0,25.56202173,77.38229006,6.119216009,93.10247183,banana,True
1029,banana,97.12110161781311,111.0,87.0,48.0,26.3985515,81.36028902,5.571401169,98.16752001,banana,True
1030,banana,90.03426194190979,89.0,83.0,47.0,28.09577643,77.79586769,5.63127166,109.5408614,banana,True
1031,banana,89.79367256164551,93.0,91.0,47.0,27.84767901,83.31110751,6.101241579,117.2878912,banana,True
1032,banana,98.37169647216797,92.0,81.0,52.0,27.39341554,81.4654833,6.438137278999998,94.31102057,banana,True
1033,banana,87.71255016326904,105.0,74.0,45.0,25.14517635,81.38204104,6.098369122,119.218154,banana,True
1034,banana,93.74833464622498,102.0,71.0,48.0,28.65456263,79.28693687,5.695267822000001,102.4633775,banana,True
1035,banana,97.92988657951355,94.0,91.0,51.0,29.16093424,76.67484233,5.6180944460000015,109.575944,banana,True
1036,banana,80.30974745750427,116.0,71.0,47.0,27.57278064,82.0638878,6.435785799,91.34276507,banana,True
1037,banana,98.61449480056763,117.0,79.0,49.0,25.40909896,82.36208097,6.176644228,112.9794804,banana,True
1038,banana,82.46558725833893,119.0,72.0,55.0,25.99069521,83.33983116,6.220643671,112.0777152,banana,True
1039,banana,72.79008448123932,99.0,73.0,53.0,26.29039046,81.06003778,5.8717022110000014,118.6730366,banana,True
1040,banana,68.91807124018669,91.0,84.0,52.0,29.14827211,78.71024836,6.390741836,117.536781,banana,True
1041,banana,80.4144835472107,80.0,90.0,47.0,26.59743595,79.35898915,6.21084479,107.3944717,banana,True
1042,banana,85.00614762306213,101.0,70.0,48.0,25.36059237,75.03193255,6.012696655,116.5531455,banana,True
1043,banana,97.39604353904724,108.0,89.0,53.0,29.12036889,80.18080728,5.908770059,112.3982055,banana,True
1044,banana,85.14079928398132,100.0,80.0,52.0,27.53911354,77.25629897,6.049801781,110.3262123,banana,True
1045,banana,99.70938563346863,109.0,91.0,53.0,29.66727337,83.51014178,6.010095852999999,110.2511102,banana,True
1046,banana,68.63601416349411,82.0,78.0,46.0,25.05802193,84.97323747,5.738678895,110.4408803,banana,True
1047,banana,78.4504759311676,106.0,70.0,55.0,25.86824781,78.52399914,5.74055541,116.3019555,banana,True
1048,banana,73.82569819688797,90.0,86.0,52.0,25.85036988,81.95580471,5.793260262,119.08561709999998,banana,True
1049,banana,89.40141558647156,83.0,95.0,50.0,26.51682337,77.79913575,5.50947065,108.8547508,banana,True
1050,banana,85.61682462692261,119.0,90.0,48.0,28.66725136,79.59242542,5.986442306,118.2583441,banana,True
1051,banana,91.05450749397278,107.0,72.0,45.0,28.14938935,81.54448882,5.790768046,91.40508414,banana,True
1052,banana,98.5298502445221,116.0,81.0,55.0,26.42313317,83.69950440000002,5.915546415,95.12322062,banana,True
1053,banana,85.40568351745605,101.0,75.0,50.0,26.59386409,81.40740301,6.242528277999999,109.9825551,banana,True
1054,banana,92.20141530036926,93.0,81.0,50.0,27.71822477,76.57853189,6.0360792660000016,102.2099836,banana,True
1055,banana,78.74775648117065,95.0,75.0,45.0,28.98333432,82.95958244,5.829898502000001,109.022564,banana,True
1056,banana,95.64330339431763,107.0,71.0,55.0,29.42017919,83.96754496,6.088064451,117.229079,banana,True
1057,banana,77.46191829442978,83.0,94.0,47.0,27.39872329,81.10523402,6.469370954,112.1355384,banana,True
1058,banana,94.80408430099487,102.0,73.0,54.0,26.4020227,84.41007614,5.720726906,111.0162259,banana,True
1059,banana,95.52685976028442,86.0,79.0,45.0,27.81251452,82.69285419,5.80766417,99.20961514,banana,True
1060,banana,65.16915678977966,117.0,86.0,53.0,25.19640218,83.55829874,5.703381727999999,115.8586081,banana,True
1061,banana,71.27046629786491,111.0,79.0,53.0,28.31193338,75.77363772,6.165001277999999,119.695765,banana,True
1062,banana,88.68491291999817,95.0,74.0,50.0,25.90113128,80.47152737,6.002481605,110.10323,banana,True
1063,banana,68.71229708194733,91.0,75.0,55.0,27.48612983,76.11239849,6.212369363,109.2768851,banana,True
1064,banana,97.45113015174866,93.0,83.0,46.0,29.38254012,83.50423735,5.765308943,109.2486647,banana,True
1065,banana,83.35193872451782,92.0,85.0,51.0,29.22118628,81.08183635,5.740764682000001,108.8616474,banana,True
1066,banana,93.61606955528259,104.0,80.0,54.0,27.09062164,81.33506906,5.879119455,110.1331182,banana,True
1067,banana,95.99024653434753,103.0,72.0,51.0,26.12643374,81.81365007,6.099478745,104.4812858,banana,True
1068,banana,95.86275458335876,92.0,75.0,45.0,29.01207743,77.95192527,5.674403358999999,90.43495443,banana,True
1069,banana,63.63380938768387,93.0,85.0,49.0,27.96799119,79.28625709,5.694243847,119.4765557,banana,True
1070,banana,80.25922536849976,120.0,87.0,52.0,28.0764455,76.05522115,5.905494703,118.99235729999998,banana,True
1071,banana,62.36465893685818,108.0,72.0,46.0,25.16278237,84.97849241,6.110844721,90.94554618,banana,True
1072,banana,90.16343593597412,105.0,88.0,54.0,25.78749808,84.51194224,6.020445317,114.2005455,banana,True
1073,banana,97.16894388198853,98.0,79.0,50.0,25.34119774,84.47321314,6.435917308,91.06493353,banana,True
1074,banana,99.25911784172058,111.0,88.0,55.0,29.44795403,78.34971537,5.505393832999999,96.45042585,banana,True
1075,banana,72.91402220726013,97.0,74.0,45.0,26.47522633,78.51833782,5.677719902000001,113.1161095,banana,True
1076,banana,91.20918869972229,95.0,82.0,48.0,27.39489579,83.31172003,5.719014989,92.78133617,banana,True
1077,banana,95.02896666526794,89.0,91.0,55.0,25.08347445,80.26173100000003,6.275572297999999,94.32961456,banana,True
1078,banana,93.69624257087708,89.0,85.0,55.0,26.671983500000003,76.48541655,6.275384607,91.73358569,banana,True
1079,banana,97.1479332447052,118.0,88.0,51.0,25.44926208,79.49221962,6.201911642000001,100.6619171,banana,True
1080,banana,99.30917739868164,101.0,92.0,45.0,28.22776705,80.64303840000002,5.758054257,98.00403016,banana,True
1081,banana,94.58717703819275,99.0,92.0,47.0,28.127950899999995,77.48247073,6.3239336470000005,103.5045395,banana,True
1082,banana,75.92439278960228,82.0,77.0,46.0,28.9470467,82.1888998,5.901100841,95.83016448,banana,True
1083,banana,91.21655225753784,90.0,86.0,55.0,27.96236771,84.15403614,5.644486582000001,97.55986676,banana,True
1084,banana,94.55580830574036,95.0,88.0,52.0,28.00316034,78.90085998,6.235461772000001,94.68180316,banana,True
1085,banana,88.13210368156433,104.0,73.0,46.0,29.1400919,80.1190228,6.28236237,90.45142867,banana,True
1086,banana,92.21211194992065,102.0,73.0,52.0,27.9122104,83.36307683,6.356090905,90.24211529,banana,True
1087,banana,85.57106018066406,100.0,74.0,52.0,25.43480512,81.53977797,5.837258235,96.47800391,banana,True
1088,banana,98.0824363231659,94.0,89.0,48.0,28.55980972,84.51602322,5.653437902,111.0843029,banana,True
1089,banana,94.61283445358276,99.0,70.0,46.0,26.59580783,82.99556744,5.727469947,100.5123341,banana,True
1090,banana,94.46396112442017,112.0,87.0,48.0,27.19711623,77.39706290000002,6.200111067999999,99.46950465,banana,True
1091,banana,74.93654370307922,117.0,82.0,45.0,25.29391516,79.29122198,5.614471478,105.4220251,banana,True
1092,banana,89.17730987071991,96.0,86.0,51.0,29.90888522,76.98740841,6.257369799,91.99964712,banana,True
1093,banana,95.1697039604187,113.0,85.0,45.0,27.94972463,76.63713353,6.037430836,109.0921631,banana,True
1094,banana,89.79466795921326,105.0,93.0,46.0,25.01018457,78.76260938,5.760457558,108.3690513,banana,True
1095,banana,62.64942526817322,85.0,89.0,51.0,29.21144871,84.70189923,6.1581644220000005,108.5501443,banana,True
1096,banana,92.4415123462677,108.0,94.0,47.0,27.35911627,84.54625006,6.387431382999999,90.81250457,banana,True
1097,banana,90.54688453674316,92.0,81.0,52.0,28.0106804,76.52808057,5.891413895,103.7040783,banana,True
1098,banana,89.4522774219513,110.0,71.0,54.0,28.67208915,82.20793613,5.725418961,94.37987496,banana,True
1099,banana,60.918936133384705,82.0,75.0,55.0,27.34585147,78.48738349999998,6.281069505,92.15524332,banana,True
1100,banana,99.57034945487976,117.0,81.0,53.0,29.50704598,78.20585613,5.507641777999999,98.12565829,banana,True
1101,mango,89.62750673294067,2.0,40.0,27.0,29.73770045,47.54885174,5.954626604,90.09586854,mango,True
1102,mango,81.78126364946365,39.0,24.0,31.0,33.55695561,53.72979826,4.757114897,98.67527561,mango,True
1103,mango,68.78756105899811,21.0,26.0,27.0,27.00315545,47.67525434,5.6995869720000005,95.85118326,mango,True
1104,mango,97.5830078125,25.0,22.0,25.0,33.56150184,45.53556603,5.977413802999999,95.70525913,mango,True
1105,mango,88.48336696624756,0.0,21.0,32.0,35.89855625,54.25964196,6.430139436,92.19721736,mango,True
1106,mango,77.3674257285893,20.0,19.0,35.0,34.17719782,50.62161586,6.113935087000001,98.00687989,mango,True
1107,mango,91.9733726978302,19.0,21.0,34.0,30.01592643,53.19212381,5.074272692,97.72843182,mango,True
1108,mango,96.82362079620361,18.0,17.0,31.0,31.74592134,45.16127859,5.667507706,93.75441586,mango,True
1109,mango,77.59625911712646,11.0,36.0,33.0,35.99009679,52.22780489,5.978634285,95.3713484,mango,True
1110,mango,96.87406063079834,30.0,28.0,30.0,31.86641378,52.19331595,5.064613314,98.46768642,mango,True
1111,mango,94.27254438400269,18.0,19.0,27.0,27.75518664,52.34605806,4.772385986000001,94.11213345,mango,True
1112,mango,93.36285591125488,23.0,23.0,27.0,34.72413192,51.4271781,5.161148592,97.31258083,mango,True
1113,mango,48.422071249224246,37.0,30.0,34.0,27.53907547,53.63549533,6.797779227,99.35408185,mango,True
1114,mango,84.75246787071228,11.0,27.0,30.0,27.69637763,48.56224879999999,6.39474303,89.85646496,mango,True
1115,mango,96.57082915306091,12.0,19.0,31.0,27.25373364,52.66319725,5.566704378,91.87312479,mango,True
1116,mango,86.68035507202148,3.0,28.0,33.0,30.33723921,48.88704844,5.755049971,94.42850522,mango,True
1117,mango,91.56286358833313,37.0,38.0,32.0,31.85744939,45.53106268,5.417340525,91.55845821,mango,True
1118,mango,54.79833140969277,26.0,37.0,30.0,35.39986338,49.45962621,6.166173833999999,97.41054011,mango,True
1119,mango,79.91466328501701,14.0,18.0,30.0,29.80747243,52.13797867,5.191265116,95.74606104,mango,True
1120,mango,82.32307016849518,40.0,16.0,35.0,34.16438906,54.16482251,4.954739564,98.33351125,mango,True
1121,mango,94.04559016227722,4.0,20.0,25.0,28.93270187,47.94053996,5.664587011,99.9834242,mango,True
1122,mango,82.72788852453232,36.0,25.0,33.0,27.98392787,53.33018851,5.548584852,99.61465679,mango,True
1123,mango,79.16221678256989,30.0,17.0,31.0,31.20478173,54.49960506,6.804437106,94.62954663,mango,True
1124,mango,88.80879759788513,28.0,37.0,28.0,32.13409675,50.52559148,6.097869767000001,98.63333684,mango,True
1125,mango,95.36757588386536,38.0,15.0,30.0,28.91862016,48.13974548,5.075504537,97.01331604,mango,True
1126,mango,72.42223620414734,12.0,37.0,30.0,31.09779147,47.41196659,4.546466109,90.28624348,mango,True
1127,mango,99.10946488380432,38.0,19.0,31.0,34.73823882,49.08864345,5.855119267999999,90.65022183,mango,True
1128,mango,44.21374320983887,8.0,33.0,29.0,29.98080499,49.48613279,6.442393461,91.82271568,mango,True
1129,mango,98.37067127227783,15.0,27.0,28.0,33.80398664,46.12866113,4.507523551,90.82549241,mango,True
1130,mango,86.79507613182068,34.0,16.0,25.0,30.07202564,50.96040505,6.10729559,92.09609766,mango,True
1131,mango,75.19603252410889,11.0,36.0,31.0,27.92063282,51.77965917,6.47544932,100.2585673,mango,True
1132,mango,74.25614923238754,33.0,29.0,34.0,31.40948821,49.21729127,6.832979508999999,92.99739415,mango,True
1133,mango,76.0202306509018,12.0,31.0,26.0,35.7877738,51.94190321,5.395275719,100.2160615,mango,True
1134,mango,91.15311026573181,12.0,34.0,28.0,33.36140093,45.02236377,6.13526938,98.81596545,mango,True
1135,mango,97.4985146522522,5.0,16.0,31.0,35.96054636,48.69677802,4.555688532,98.00644238,mango,True
1136,mango,85.10597825050354,1.0,30.0,29.0,28.33333307,51.39586505,6.4341977560000005,91.67241761,mango,True
1137,mango,83.04141998291016,16.0,35.0,31.0,32.27652024,50.19368841,5.316875978000001,95.99487068,mango,True
1138,mango,97.68743395805359,35.0,18.0,26.0,31.99490489,50.84881347,5.279388967,97.38741498,mango,True
1139,mango,54.99534569680691,4.0,40.0,26.0,27.58258929,48.56916221,6.720041791,95.8445641,mango,True
1140,mango,82.58809208869934,9.0,29.0,34.0,29.38471637,45.88744691,5.72742254,100.8124659,mango,True
1141,mango,87.08527207374573,2.0,38.0,33.0,32.38697531,53.2328243,4.691396195,90.21633216,mango,True
1142,mango,51.242294907569885,26.0,32.0,32.0,30.91471455,49.92963856,6.810186079,90.14047759,mango,True
1143,mango,70.66945314407349,34.0,38.0,31.0,35.37775595,45.58110023,6.454045329,97.41586402,mango,True
1144,mango,76.97274267673492,5.0,32.0,33.0,32.32362177,52.58967710000001,5.842763773,93.36718816,mango,True
1145,mango,83.70773553848267,31.0,29.0,26.0,28.22373428,47.40519056,5.024124683999999,97.76832322,mango,True
1146,mango,73.99506837129593,34.0,34.0,35.0,27.27433181,47.16808054,6.422710539,95.257992,mango,True
1147,mango,80.4423463344574,36.0,19.0,32.0,27.10710832,50.70880979,4.94295037,92.37238878,mango,True
1148,mango,89.08446788787842,7.0,17.0,26.0,34.89226666,48.75613373,6.414526606,91.63074547,mango,True
1149,mango,95.15641212463379,38.0,15.0,27.0,33.7462686,48.50387598,6.777788126,92.26439205,mango,True
1150,mango,42.67681762576103,5.0,19.0,25.0,27.351105600000004,54.43945147,6.441328044,96.27792547,mango,True
1151,mango,74.02150869369507,37.0,36.0,26.0,32.89300162,52.61323969,4.650536197,94.49161372,mango,True
1152,mango,91.05158925056458,21.0,31.0,32.0,35.38598705,51.42664176,5.254532213,90.29643888,mango,True
1153,mango,68.66250485181808,37.0,36.0,27.0,27.552973600000005,47.90859131,5.910634533,90.40332704,mango,True
1154,mango,99.20077681541443,23.0,23.0,30.0,32.82141065,47.45553843,4.755273631000001,90.89173106,mango,True
1155,mango,68.36603298783302,36.0,26.0,26.0,30.17294105,51.0845903,6.814630246,95.23444287,mango,True
1156,mango,91.58858895301819,24.0,33.0,35.0,29.26382931,54.82257868,5.342866119,100.7586226,mango,True
1157,mango,98.5330867767334,26.0,18.0,30.0,32.06097197,51.08494181,6.336234623999999,96.59816497,mango,True
1158,mango,95.16758918762207,22.0,17.0,26.0,28.69818144,47.71875722,4.754435025,99.642454,mango,True
1159,mango,73.16784232854843,11.0,34.0,32.0,29.14305008,49.40983294,6.831706773,97.55155537,mango,True
1160,mango,40.55385062471032,29.0,35.0,28.0,28.347161100000005,53.53903102,6.9674177660000005,90.40260445,mango,True
1161,mango,93.22466135025024,22.0,28.0,26.0,27.67256197,45.41692012,4.947683034,92.84991507,mango,True
1162,mango,97.52821564674377,23.0,24.0,32.0,28.1218093,46.16888595,5.630619901,93.30247448,mango,True
1163,mango,90.21901726722717,1.0,35.0,34.0,30.79375683,46.69536813,6.27339822,92.21318555,mango,True
1164,mango,85.8573853969574,2.0,24.0,34.0,28.89409382,54.80750249,6.472774648,94.76322976,mango,True
1165,blackgram,37.52614289522171,39.0,37.0,25.0,33.33024826,45.61143594,6.953246506,98.28583013,mango,False
1166,mango,80.95385313034058,15.0,36.0,27.0,27.78912455,53.96886679,5.6437102160000014,91.01152997,mango,True
1167,mango,99.00129675865173,3.0,18.0,31.0,31.65333432,48.20662669,6.392313972999999,91.09745581,mango,True
1168,mango,68.29019606113434,8.0,38.0,32.0,29.75150773,46.73723302,4.981816523,91.405983,mango,True
1169,mango,86.38163566589355,33.0,31.0,34.0,31.32995611,50.22287593,5.421265282999999,89.78216168,mango,True
1170,mango,80.50873875617981,14.0,29.0,32.0,35.63627319,48.97047762,6.942520105,97.51952041,mango,True
1171,mango,78.81876766681671,18.0,20.0,26.0,31.66524687,51.98594645,5.435840509,89.98024312,mango,True
1172,mango,76.28759205341339,9.0,21.0,32.0,32.26935342,53.56092806,5.870116071,95.94035356,mango,True
1173,mango,82.07484662532806,20.0,30.0,27.0,27.81005614,51.59445462,4.74910393,95.89898581,mango,True
1174,mango,67.44762375950813,9.0,38.0,25.0,34.58561471,50.34035336,5.497946899,100.3060719,mango,True
1175,mango,96.10625386238098,26.0,24.0,34.0,31.27180992,52.23810152,6.811291098,89.74409017,mango,True
1176,mango,59.909095615148544,31.0,36.0,29.0,33.93679864,52.72170281,6.460542749,97.4611918,mango,True
1177,mango,99.13735389709473,14.0,18.0,35.0,31.09154239,47.02058367,4.791146778,91.46664318,mango,True
1178,mango,86.00440442562103,40.0,16.0,35.0,31.89356292,49.02450149,6.4841522000000005,89.59371481,mango,True
1179,mango,96.39750003814697,28.0,27.0,34.0,32.45465292,50.69693751,6.526654345,95.04871605,mango,True
1180,mango,89.37116324901581,0.0,17.0,30.0,35.47478322,47.97230503,6.279133738,97.79072474,mango,True
1181,mango,75.28613448143005,1.0,29.0,29.0,27.32961444,49.30347234,6.052026047000001,93.53197359,mango,True
1182,mango,95.88842153549194,2.0,36.0,31.0,30.90225239,49.95955487,5.73171945,91.77522598,mango,True
1183,mango,92.78963208198547,12.0,27.0,26.0,29.09382275,45.5661059,5.32307197,96.23520043,mango,True
1184,mango,92.75865197181702,7.0,28.0,35.0,30.02086169,46.78393776,4.66910839,96.63721027,mango,True
1185,mango,72.7381980419159,0.0,36.0,26.0,34.13072188,51.25786185,5.101206389,96.38808001,mango,True
1186,mango,71.16773575544357,26.0,35.0,31.0,33.44619894,53.05980465,5.339556562,98.05089394,mango,True
1187,mango,98.68070363998413,27.0,21.0,30.0,35.3915464,52.48823147,5.061081874,91.22881052,mango,True
1188,mango,88.30388903617859,22.0,38.0,31.0,31.53356352,53.06009323,5.8211060360000015,98.57025046,mango,True
1189,mango,98.97009491920471,22.0,18.0,31.0,30.764551500000003,47.93791463,5.956027059,90.38503469,mango,True
1190,mango,98.13302159309387,28.0,23.0,28.0,30.01821337,50.09831810000001,5.676032581,96.08745082,mango,True
1191,mango,76.3194489479065,7.0,31.0,27.0,31.32863689,47.59319575,6.524114355,94.67344737,mango,True
1192,mango,85.80609679222107,29.0,34.0,26.0,33.88004781,54.39416048,6.2739536760000005,89.29147581,mango,True
1193,mango,82.83116340637207,8.0,37.0,33.0,28.07802689,54.9640534,6.128167757000001,97.45373619,mango,True
1194,mango,97.09955215454102,39.0,16.0,27.0,35.53845018,52.94641947,4.934964765,91.54560427,mango,True
1195,mango,56.40440791845322,40.0,24.0,25.0,28.70595247,50.44030129,5.445008416,95.8946444,mango,True
1196,mango,71.81247502565384,19.0,38.0,26.0,31.48451729,48.77926304,4.525722333,93.17221967,mango,True
1197,mango,88.49385857582092,21.0,21.0,30.0,27.69819273,51.41593238,5.403908327999999,100.7720705,mango,True
1198,mango,83.2468193769455,22.0,18.0,33.0,30.41235793,52.48100602,6.621623545,93.92375879,mango,True
1199,mango,93.06327700614929,31.0,20.0,30.0,32.17752026,54.01352682,6.207495815,91.88766069,mango,True
1200,mango,99.11970376968384,18.0,26.0,31.0,32.611261400000004,47.74916499,5.418475257000001,91.10190759,mango,True
1201,grapes,77.96605885028839,24.0,130.0,195.0,29.99677232,81.54156612,6.112305667,67.12534492,grapes,True
1202,grapes,96.09185695648193,13.0,144.0,204.0,30.7280404,82.42614055,6.092241627000001,68.38135469,grapes,True
1203,grapes,87.82712519168854,22.0,123.0,205.0,32.44577836,83.88504863,5.896343436,68.73932528,grapes,True
1204,grapes,92.63633131980896,36.0,125.0,196.0,37.46566825,80.65968681,6.15526103,66.83872293,grapes,True
1205,grapes,57.60685086250306,24.0,131.0,196.0,22.03296178,83.74372787,5.732453638,65.34440794,grapes,True
1206,grapes,99.54906344413757,2.0,123.0,198.0,39.64851881,82.21079946,6.253034534,70.39906054,grapes,True
1207,grapes,81.61996245384216,35.0,140.0,197.0,16.77557314,82.75241875,6.106190557000001,66.76285469,grapes,True
1208,grapes,72.2938483953476,11.0,122.0,195.0,12.14190714,83.56812483,5.647202395,69.63122027,grapes,True
1209,grapes,87.87289440631866,6.0,123.0,203.0,12.7567962,81.62497448,6.130310493,66.77844567,grapes,True
1210,grapes,99.53451156616211,17.0,134.0,204.0,39.04071989,80.18393287,6.499604931,73.88467027,grapes,True
1211,grapes,97.00098276138306,25.0,130.0,197.0,39.70772192,82.68593454,5.554831977,74.91506217,grapes,True
1212,grapes,80.35302981734276,27.0,145.0,205.0,9.467960445,82.29335466,5.800242694,66.02765219,grapes,True
1213,grapes,94.02400135993958,9.0,122.0,201.0,29.58748357,80.91934392,5.570290539,68.06417307,grapes,True
1214,grapes,85.95884501934052,16.0,139.0,203.0,17.82803682,80.96093443,6.27564088,65.84748763,grapes,True
1215,grapes,81.58627927303314,32.0,141.0,204.0,8.825674745,82.89753705,5.536645599,67.235765,grapes,True
1216,grapes,53.90740841627121,22.0,138.0,195.0,27.83487131,83.51444973,6.208196881,73.02882766,grapes,True
1217,grapes,84.50365364551544,31.0,144.0,202.0,11.02105378,80.55557235,5.870600622,68.23963161,grapes,True
1218,grapes,63.94314348697663,3.0,136.0,205.0,17.5862944,80.84806564,6.334771461,71.40654520000002,grapes,True
1219,grapes,54.579587578773506,28.0,122.0,197.0,19.89363946,82.73366439,5.856575335,69.66256816,grapes,True
1220,grapes,99.30434823036194,4.0,136.0,204.0,29.93707596,81.77713468,5.898944282,65.52279323,grapes,True
1221,grapes,97.40061402320862,39.0,145.0,201.0,36.73126647,80.58931938,5.775600435,72.24230804,grapes,True
1222,apple,54.36736702919006,38.0,132.0,197.0,20.42094753,81.54185044,5.931101816,66.93065667,grapes,False
1223,apple,66.61816835403442,36.0,133.0,198.0,25.51939719,83.98351748,6.2286454,69.17281221,grapes,False
1224,grapes,91.58329010009766,25.0,121.0,201.0,30.50734778,82.71775569,5.594240602999999,70.08200379,grapes,True
1225,apple,76.48844599723816,15.0,125.0,199.0,18.426993600000007,80.55625868,5.569230319,69.75734306,grapes,False
1226,grapes,61.95993408560753,24.0,140.0,205.0,12.087022,83.59398734,5.93202852,68.66813363,grapes,True
1227,grapes,58.10503028333187,13.0,132.0,203.0,23.60115364,82.48336987,6.423216506,73.23901752,grapes,True
1228,grapes,96.00001692771912,5.0,126.0,197.0,12.80000387,81.20876367,6.417500829,67.10439401,grapes,True
1229,grapes,99.52814817428589,30.0,120.0,200.0,38.06099482,82.24729637,6.234904253,65.70148216,grapes,True
1230,grapes,99.83232378959656,23.0,142.0,197.0,39.06555518,82.03812973,6.000573725,69.30772897,grapes,True
1231,grapes,79.20634239912033,26.0,135.0,203.0,33.78372897,81.16314317,5.6851027689999984,74.53557341,grapes,True
1232,grapes,63.4437870979309,7.0,126.0,203.0,16.76201707,82.00335557,5.662140095,73.28712806,grapes,True
1233,grapes,97.20203399658203,32.0,139.0,198.0,35.89307536,82.66850729,6.358186848,66.53946559,grapes,True
1234,grapes,65.21956205368042,9.0,141.0,202.0,21.01245395,81.17931863,6.119495295,66.38448261,grapes,True
1235,grapes,72.07342877984047,20.0,142.0,196.0,10.89875873,80.01639435,6.207600782999999,68.69420397,grapes,True
1236,grapes,66.16130709648132,32.0,129.0,201.0,16.36251869,83.00471609,6.48754639,71.55665483,grapes,True
1237,apple,67.92018353939056,3.0,134.0,199.0,20.28370163,81.32235739,5.81717753,71.06611222,grapes,False
1238,apple,61.879705339670174,38.0,138.0,204.0,25.11108456,83.25447587,6.325480034,73.01026829,grapes,False
1239,grapes,97.40419387817383,14.0,131.0,198.0,33.4641162,83.86742974,5.562790949,67.92204319,grapes,True
1240,grapes,89.47489321231842,20.0,122.0,204.0,11.7976469,80.86325389,6.487369687,65.06962486,grapes,True
1241,grapes,76.50573134422302,40.0,126.0,201.0,11.36300891,80.03100049,6.116982944,71.18289431,grapes,True
1242,grapes,56.536697782576084,36.0,128.0,204.0,25.23542319,80.68700527,5.695792761,67.03840888,grapes,True
1243,grapes,72.25874170660973,11.0,132.0,197.0,15.99050693,81.23966573,5.7343170070000005,74.40198861,grapes,True
1244,grapes,65.14923810958862,0.0,137.0,195.0,22.4359017,80.18612085,6.329499832000001,65.3973168,grapes,True
1245,grapes,99.31686520576477,19.0,123.0,200.0,34.76086052,81.03544763,6.167013532,65.70430027,grapes,True
1246,grapes,98.45402956008911,31.0,136.0,197.0,31.11047251,83.34010951,5.653776057999999,71.43001582,grapes,True
1247,grapes,59.529003947973244,4.0,134.0,200.0,28.57828803,80.95628959,5.840256272,73.34232097,grapes,True
1248,grapes,98.68854999542236,39.0,139.0,201.0,41.18664903,81.01783402,5.5399808120000005,68.68895899,grapes,True
1249,grapes,59.63144928216935,8.0,127.0,196.0,27.02766138,83.17093908,5.833302165,70.95666003,grapes,True
1250,apple,79.29444193840027,39.0,138.0,203.0,21.19339319,82.33098331,6.399433771,74.62834921,grapes,False
1251,grapes,79.81402575969696,32.0,120.0,204.0,10.38004759,83.44518113,6.138958698,67.39173790000001,grapes,True
1252,grapes,94.558345079422,12.0,142.0,203.0,31.3115978,82.56407013,5.972850837999999,65.01095312,grapes,True
1253,grapes,72.67621576786041,8.0,133.0,195.0,20.46657776,80.97598029,6.456079585,71.29813872,grapes,True
1254,grapes,93.1924319267273,8.0,139.0,199.0,29.36947679,81.53996362,6.3364266670000005,66.13442813,grapes,True
1255,grapes,86.93784296512604,21.0,134.0,202.0,10.72302459,80.02130636,6.425419926,65.29821120000001,grapes,True
1256,grapes,69.81935799121857,40.0,140.0,195.0,14.97846952,80.49979873,6.2943956760000015,71.63437433,grapes,True
1257,apple,57.638019509613514,39.0,127.0,202.0,15.3246651,81.67215994,6.477768039,71.60102999,grapes,False
1258,grapes,81.70733571052551,19.0,120.0,195.0,18.73932187,81.12109244,5.931538447,73.55807954,grapes,True
1259,apple,61.41334153711796,21.0,139.0,201.0,19.3642553,83.36094029,5.980598579,67.15094741,grapes,False
1260,grapes,99.31356072425842,17.0,136.0,195.0,41.20733624,81.61051026,6.389783283,65.90227462,grapes,True
1261,grapes,89.70582127571106,33.0,139.0,203.0,33.34214482,82.51034633,5.693287415,70.68098614,grapes,True
1262,grapes,50.462360556703054,22.0,133.0,201.0,23.81995682,80.12211649,6.00299607,67.27398640000001,grapes,True
1263,grapes,84.07120704650879,32.0,130.0,196.0,40.66012294,81.24995984,6.372959542,74.03030056,grapes,True
1264,grapes,67.56783306598663,37.0,135.0,205.0,11.82768186,80.2827185,5.510924848999999,74.10225057,grapes,True
1265,grapes,79.70942258834839,15.0,140.0,195.0,13.28504331,83.54193816,5.69945282,65.80006004,grapes,True
1266,grapes,97.27886080741882,39.0,132.0,196.0,35.83089092,83.32560104,5.778594403,73.67984885,grapes,True
1267,grapes,83.63655030727386,40.0,121.0,199.0,26.18159716,81.03886263,6.315586313,66.05911698,grapes,True
1268,apple,68.49688865244389,40.0,132.0,202.0,24.57558351,80.70695797,5.9718130060000005,69.706113,grapes,False
1269,grapes,83.10018122196198,29.0,142.0,203.0,29.67229086,83.71498986,5.891195653,66.48490371,grapes,True
1270,grapes,98.83591294288635,32.0,121.0,199.0,39.37102553,81.25353895,6.129812716,74.08101744,grapes,True
1271,apple,69.42751780152321,6.0,140.0,205.0,17.66558428,82.92903419,6.313085601,69.8671263,grapes,False
1272,apple,50.22652804851532,8.0,120.0,196.0,24.06679352,82.66396666,6.053662544,69.81855775,grapes,False
1273,apple,52.95187383890152,34.0,133.0,202.0,15.31413469,80.09711412,5.804799142,74.82144653,grapes,False
1274,apple,50.62557592988014,35.0,135.0,199.0,21.77466746,80.54942557,6.400719746,69.39630398,grapes,False
1275,grapes,67.21778273582458,16.0,145.0,199.0,26.91624843,80.76838926,5.953966361,69.30927185,grapes,True
1276,grapes,99.49876427650452,8.0,136.0,201.0,41.65602996,82.22118237,5.6092559920000005,74.19664838,grapes,True
1277,apple,89.29771661758423,25.0,129.0,195.0,17.98667801,81.17712085,5.777271492000001,72.37127689,grapes,False
1278,grapes,94.39118027687073,16.0,130.0,201.0,29.12033769,82.79092939,5.682395429,68.8503047,grapes,True
1279,grapes,98.328458070755,39.0,129.0,203.0,34.38922481,83.18392806,5.863996687,71.03001556,grapes,True
1280,grapes,88.28160524368286,38.0,135.0,203.0,41.36106301,82.79782954,6.444373116,69.92107482,grapes,True
1281,grapes,99.24176812171936,33.0,120.0,205.0,35.12158265,82.26890793,5.550832177999999,69.71518491,grapes,True
1282,grapes,83.86479258537292,35.0,125.0,204.0,19.6491772,80.15215777,6.107741787999999,73.69529586,grapes,True
1283,grapes,53.74716334044933,1.0,132.0,200.0,16.27852801,82.94270065,5.620745638,66.57462809,grapes,True
1284,apple,56.253745704889305,39.0,140.0,203.0,21.11903604,80.63399198,6.349875906,69.27779761,grapes,False
1285,grapes,55.91849587857723,28.0,145.0,202.0,19.2077707,82.90428409999998,6.484323189,66.83113717,grapes,True
1286,grapes,67.46643304824829,6.0,128.0,200.0,25.96308415,82.57813624,5.838748311,70.31782647,grapes,True
1287,apple,61.63382351398467,6.0,139.0,199.0,25.67385024,81.6212135,6.29099842,74.10919422,grapes,False
1288,grapes,99.89195823669434,29.0,122.0,196.0,41.94865736,81.15595212,5.638328481,73.06862952,grapes,True
1289,grapes,81.54183983802795,37.0,144.0,197.0,11.18994268,80.8084305,6.415555956,66.34234944,grapes,True
1290,grapes,56.13029018044472,38.0,120.0,197.0,17.5438296,82.94703302,6.323722572,73.77063744,grapes,True
1291,grapes,77.5816661119461,38.0,141.0,198.0,13.05809741,80.28297993,5.757009965,70.75633584,grapes,True
1292,grapes,93.10901403427124,14.0,121.0,203.0,9.724457611,83.74765639,6.1586894060000015,74.46411148,grapes,True
1293,grapes,63.63046571612359,6.0,125.0,204.0,27.92004934,82.93262435,5.7335398070000005,69.92092839,grapes,True
1294,grapes,94.3538749217987,32.0,138.0,197.0,9.535585543,80.73112694,5.908724337000001,69.44115171,grapes,True
1295,grapes,78.0819372087717,11.0,124.0,204.0,13.42988625,80.06633966,6.361141107000001,71.40043037,grapes,True
1296,grapes,93.05714845657349,23.0,138.0,200.0,9.851242629,80.22631717,5.96537863,68.42802444,grapes,True
1297,grapes,57.52342939376831,40.0,143.0,201.0,24.97256132,82.72828653,6.476757723,66.70016285,grapes,True
1298,grapes,86.50885999202728,6.0,142.0,202.0,27.23708304,82.94573346,6.224542938,70.42508897,grapes,True
1299,grapes,74.06457528471947,37.0,124.0,195.0,18.70679077,83.4795292,6.209928251,66.5964488,grapes,True
1300,grapes,91.494380235672,35.0,134.0,204.0,9.949929082,82.55138983,5.841138354,66.00817551,grapes,True
1301,muskmelon,52.97768760472537,119.0,25.0,51.0,26.47330219,80.92254421,6.283818329,53.65742581,watermelon,False
1302,watermelon,54.748477339744575,119.0,19.0,55.0,25.18780042,83.44621709,6.818261382999999,46.87420883,watermelon,True
1303,cotton,40.82709494512528,105.0,30.0,50.0,25.29954705,81.77527562,6.37620108,57.04147057,watermelon,False
1304,watermelon,79.97254133224487,114.0,8.0,50.0,24.74631269,88.30866319,6.581587932000001,57.95826144,watermelon,True
1305,watermelon,49.78221893310547,93.0,22.0,52.0,26.58740671,81.32563243,6.932739726,41.87540028,watermelon,True
1306,watermelon,45.1903535798192,80.0,26.0,55.0,24.53442564,88.989272,6.140099215,49.11618732,watermelon,True
1307,watermelon,37.67206937074661,85.0,27.0,45.0,26.0713757,88.7285657,6.467095849,57.79652846,watermelon,True
1308,watermelon,45.64960986375809,85.0,22.0,53.0,25.96534238,89.77076659,6.849471704,59.46338556,watermelon,True
1309,watermelon,52.61460572481156,82.0,22.0,45.0,26.22338015,85.34866045,6.512196212,54.60159289,watermelon,True
1310,watermelon,49.94758382439613,118.0,13.0,54.0,24.41311871,89.81574032,6.039584629,44.07843475,watermelon,True
1311,watermelon,62.72629737854004,83.0,25.0,53.0,26.49195283,80.04678201,6.057697106,57.72799157,watermelon,True
1312,watermelon,60.147391855716705,86.0,15.0,47.0,24.04355803,84.18406764,6.423898762,53.78929956,watermelon,True
1313,watermelon,59.06449139118195,101.0,10.0,47.0,25.5421695,83.31883376,6.936997681,57.57343233,watermelon,True
1314,muskmelon,81.1190390586853,119.0,9.0,50.0,26.74550678,83.9195902,6.251286661,40.794305,watermelon,False
1315,watermelon,59.22024488449097,104.0,17.0,46.0,25.7131428,80.22972777,6.190015912000001,43.08961827,watermelon,True
1316,watermelon,53.726186156272895,95.0,12.0,51.0,25.76484262,84.17269959999999,6.681606702000001,44.22066914,watermelon,True
1317,muskmelon,57.19821285456419,102.0,14.0,52.0,26.79489868,89.64815231,6.51075991,57.74091817,watermelon,False
1318,muskmelon,38.67931016764487,109.0,21.0,55.0,24.9004602,89.73524177,6.770278088,57.44942094,watermelon,False
1319,muskmelon,56.1730021238327,81.0,18.0,50.0,26.80750629,88.22874955,6.429788072999999,58.79889057,watermelon,False
1320,muskmelon,62.42757201194763,103.0,17.0,51.0,25.11189154,80.02621335,6.209888345,44.20656987,watermelon,False
1321,muskmelon,45.5594003200531,105.0,14.0,50.0,26.2148837,87.68839820000002,6.419052193,59.65590798,watermelon,False
1322,watermelon,84.74595665931702,97.0,8.0,52.0,24.9103226,86.97190046,6.237861736,49.48575692,watermelon,True
1323,watermelon,53.44102919101715,120.0,19.0,49.0,25.79448878,84.26830701,6.762471628999998,56.45229202,watermelon,True
1324,watermelon,72.00815856456757,95.0,16.0,55.0,25.26931156,87.55055105,6.612847999,40.12650421,watermelon,True
1325,muskmelon,45.916498117148876,83.0,29.0,52.0,25.76402693,87.5931128,6.704688865,46.05122728,watermelon,False
1326,muskmelon,77.72926270961761,83.0,9.0,45.0,25.85483596,89.13163965,6.049609892,46.85176955,watermelon,False
1327,watermelon,45.942072570323944,91.0,21.0,50.0,24.33528185,81.44030363,6.762030215,48.32113628,watermelon,True
1328,watermelon,54.68088746070862,116.0,5.0,54.0,25.37601283,80.99313508,6.65398725,57.23028471,watermelon,True
1329,watermelon,49.747847989201546,112.0,28.0,54.0,24.86094646,85.05318563,6.738030547,55.29563514,watermelon,True
1330,watermelon,39.16324272751808,88.0,29.0,51.0,24.71885473,88.94568335,6.095689937,48.45978627,watermelon,True
1331,watermelon,40.482503175735474,118.0,15.0,45.0,24.21495706,84.20576992,6.538006356,48.01138482,watermelon,True
1332,watermelon,59.88248884677887,92.0,21.0,48.0,25.81692236,82.043255,6.377427122,54.82963379,watermelon,True
1333,watermelon,41.56385689973831,106.0,14.0,45.0,24.47018505,84.16390229,6.417011754,57.26773002,watermelon,True
1334,watermelon,71.03271305561066,99.0,5.0,47.0,24.13078816,84.84494575,6.649086972,51.19470197,watermelon,True
1335,watermelon,44.260336458683014,98.0,8.0,51.0,26.1793464,86.52258079,6.25933595,49.43050977,watermelon,True
1336,watermelon,60.98627746105194,108.0,22.0,46.0,26.17668721,86.72952049999998,6.121168559,53.33484977,watermelon,True
1337,muskmelon,72.47516393661499,119.0,7.0,55.0,26.03867719,84.6378378,6.031424482,44.3993381,watermelon,False
1338,muskmelon,44.03410936705768,117.0,27.0,48.0,26.53259325,82.39053979,6.835268183999999,54.30660782,watermelon,False
1339,muskmelon,53.62073332071304,109.0,10.0,53.0,26.81938687,87.8274604,6.5517503060000015,46.06193778,watermelon,False
1340,watermelon,45.86595952510834,80.0,16.0,46.0,25.50405534,81.40297428,6.940236218,48.47833278,watermelon,True
1341,watermelon,53.0863669514656,100.0,18.0,52.0,26.20234499,80.38266489,6.87606733,56.47941847,watermelon,True
1342,watermelon,60.977791622281075,91.0,7.0,53.0,25.13735887,89.28272716,6.457216535,43.52897517,watermelon,True
1343,watermelon,57.56112538278103,86.0,6.0,53.0,25.92030221,83.47202566,6.921847887999999,42.10681516,watermelon,True
1344,muskmelon,41.24236658215523,107.0,5.0,52.0,26.6634609,89.98405233,6.8814257460000015,57.40847165,watermelon,False
1345,watermelon,55.81786587834359,103.0,16.0,49.0,24.06731461,81.64075303,6.915717008,51.75212401,watermelon,True
1346,watermelon,53.99387568235397,101.0,20.0,48.0,24.6774157,82.75411437,6.206247493999999,57.05709413,watermelon,True
1347,watermelon,55.80397367477416,85.0,25.0,47.0,26.11440416,87.64081095,6.29542477,58.48160844,watermelon,True
1348,muskmelon,64.87547278404236,84.0,7.0,51.0,26.81530456,87.65694462,6.399669044,55.74073582,watermelon,False
1349,watermelon,48.345380797982216,102.0,28.0,54.0,25.15623099,80.27525115,6.862157042000001,55.49541453,watermelon,True
1350,watermelon,78.57792735099792,98.0,25.0,52.0,25.2801372,83.15393658,6.224066378,49.29456609,watermelon,True
1351,watermelon,66.01544082164764,97.0,25.0,50.0,26.22005978,80.90127035,6.093814669,49.08553937,watermelon,True
1352,watermelon,65.89704513549805,90.0,16.0,45.0,24.92093261,80.61750795,6.291540277999999,50.55710813,watermelon,True
1353,watermelon,35.05902357399464,95.0,12.0,46.0,26.21667586,81.01009354,6.32281728,54.65423596,watermelon,True
1354,watermelon,35.317781418561935,82.0,23.0,49.0,26.81383586,87.21986949,6.873283991,51.70497792,watermelon,True
1355,watermelon,51.67545139789581,82.0,25.0,51.0,24.31334971,87.47409052,6.074209622000001,48.11248366,watermelon,True
1356,watermelon,52.90290087461471,110.0,28.0,46.0,24.29105004,88.04541346,6.49889585,51.26046418,watermelon,True
1357,watermelon,62.07264780998229,118.0,21.0,51.0,24.42998931,86.33904774,6.678805092,48.58241822,watermelon,True
1358,muskmelon,53.91024827957154,120.0,20.0,45.0,25.66576039,88.6984228,6.114128685,54.22722466,watermelon,False
1359,watermelon,47.42212578654289,91.0,7.0,52.0,25.07803672,83.46230461,6.405054243,56.39962921,watermelon,True
1360,watermelon,65.04122078418732,81.0,6.0,55.0,24.88910524,85.87059083,6.110142735,51.70699144,watermelon,True
1361,watermelon,61.73541188240051,101.0,13.0,54.0,25.42900869,82.91481799,6.828982708,56.34144589,watermelon,True
1362,watermelon,54.12507005035877,101.0,17.0,55.0,24.37118217,87.1269128,6.451499763999999,44.63907691,watermelon,True
1363,watermelon,67.38551080226898,111.0,6.0,53.0,26.493064500000006,88.59143088,6.313512998999999,46.06382209,watermelon,True
1364,watermelon,51.86158150434495,107.0,10.0,49.0,25.83202912,89.00481725,6.755192025,45.24690619,watermelon,True
1365,watermelon,62.63290226459504,115.0,11.0,46.0,24.41592661,89.39655519,6.623167177000001,40.32161859,watermelon,True
1366,maize,29.606627257307995,84.0,25.0,52.0,24.37190239,81.2514818,6.12532356,44.20899581,watermelon,False
1367,watermelon,68.09528887271881,120.0,7.0,47.0,24.24782473,83.03687902,6.653867608,54.76576239999999,watermelon,True
1368,watermelon,60.45580387115479,91.0,12.0,46.0,24.64458469,85.49938185,6.343942518,48.31219031,watermelon,True
1369,watermelon,47.63416794128716,89.0,22.0,52.0,24.89681131,86.10782926,6.217300786,53.14626213,watermelon,True
1370,watermelon,45.88535130023956,113.0,19.0,46.0,25.41864024,81.12122989,6.286387658,49.52320689,watermelon,True
1371,muskmelon,38.57545390725136,97.0,22.0,50.0,26.26028739,86.14585891,6.769893799999998,58.97878791,watermelon,False
1372,watermelon,57.642242684960365,117.0,30.0,50.0,24.90123934,87.20772913,6.744966312000001,46.59207341,watermelon,True
1373,watermelon,51.71597868204116,90.0,14.0,52.0,24.84740848,89.20454622,6.391858432,59.67927244,watermelon,True
1374,muskmelon,44.228634452447295,104.0,23.0,47.0,26.98212846,86.70068316,6.770434148,42.91292205,watermelon,False
1375,muskmelon,41.50685757398605,81.0,16.0,45.0,26.90435747,86.25426228,6.727468157000001,59.75980023,watermelon,False
1376,watermelon,59.52250003814697,88.0,5.0,47.0,25.86475496,86.67468041,6.662244646,41.16554802,watermelon,True
1377,watermelon,53.98150384426117,92.0,7.0,45.0,26.70607759,81.14149505,6.944640222,51.51033554,watermelon,True
1378,watermelon,57.35630869865418,81.0,18.0,50.0,26.44019475,80.91934337,6.507110986,47.81847573,watermelon,True
1379,watermelon,46.723544001579285,111.0,5.0,55.0,26.283443,84.42478917,6.520663422,50.78669728,watermelon,True
1380,muskmelon,45.920424573123455,108.0,23.0,51.0,26.84366082,83.85039964,6.106500787000001,40.228644,watermelon,False
1381,muskmelon,62.06026881933212,113.0,30.0,50.0,26.03967219,83.9862443,6.277484042999999,43.87712348,watermelon,False
1382,watermelon,47.840322852134705,83.0,10.0,53.0,24.92994759,85.00802358,6.195142279,48.75859458,watermelon,True
1383,watermelon,54.27234411239624,101.0,11.0,51.0,25.50736962,84.24340241,6.792035575,44.2068997,watermelon,True
1384,watermelon,69.6164733171463,114.0,21.0,55.0,25.4438391,87.93923120000002,6.472756256,57.51549686,watermelon,True
1385,muskmelon,53.921449482440956,99.0,6.0,45.0,26.12588914,86.5507939,6.000975617000001,40.71210074,watermelon,False
1386,watermelon,53.3356885612011,92.0,20.0,55.0,25.10474753,87.52676159999999,6.5877912620000005,59.26519444,watermelon,True
1387,watermelon,59.97712463140488,92.0,7.0,48.0,26.27520631,86.63249555,6.956508826,54.38748495,watermelon,True
1388,muskmelon,70.38737013936043,91.0,24.0,55.0,26.27061608,83.09194521,6.259086582999999,46.76837499,watermelon,False
1389,cotton,37.93026538565755,110.0,21.0,54.0,26.73690828,87.82430156,6.747537642,47.46447019,watermelon,False
1390,watermelon,65.37409458309412,112.0,25.0,51.0,25.04746944,85.5667282,6.932537231,56.72496677,watermelon,True
1391,watermelon,57.52787888050079,89.0,25.0,54.0,24.69368934,85.56967628,6.353107392999999,48.99390828,watermelon,True
1392,watermelon,70.0078359246254,100.0,10.0,53.0,24.54356968,84.60808277,6.211748957,42.00660251,watermelon,True
1393,watermelon,47.36612781882286,83.0,22.0,54.0,25.89762315,81.96664832,6.277245253999999,54.49960057,watermelon,True
1394,watermelon,52.346186637878425,95.0,14.0,50.0,26.6333118,84.31756844,6.560443519,56.31866159,watermelon,True
1395,muskmelon,54.277622438967235,119.0,30.0,49.0,25.35794749,80.45846265,6.903020221,47.72078245,watermelon,False
1396,watermelon,69.416424036026,97.0,12.0,47.0,25.28784623,89.63667876,6.765094963999998,58.28697664,watermelon,True
1397,watermelon,43.18718194961548,110.0,7.0,45.0,26.63838589,84.69546874,6.189213927000001,48.32428609,watermelon,True
1398,watermelon,58.73962372541428,96.0,18.0,50.0,25.3310446,84.30533791,6.904241707000001,41.53218699,watermelon,True
1399,muskmelon,48.18715184926987,83.0,23.0,55.0,26.89750174,83.89241484,6.463271076,43.97193745,watermelon,False
1400,muskmelon,62.02996164560318,120.0,24.0,47.0,26.98603693,89.4138489,6.260838965,58.54876687,watermelon,False
1401,muskmelon,72.0250103622675,115.0,17.0,55.0,27.57826922,94.11878202,6.776533055,28.08253201,muskmelon,True
1402,muskmelon,88.10062408447266,114.0,27.0,48.0,27.82054812,93.03555162,6.528404377999999,26.32405487,muskmelon,True
1403,muskmelon,93.66389036178589,101.0,25.0,52.0,29.09910406,94.22237826,6.750145572,22.52497327,muskmelon,True
1404,muskmelon,79.99852120876312,118.0,18.0,52.0,28.04943594,90.83130708,6.562832807,20.76223014,muskmelon,True
1405,muskmelon,90.6724750995636,95.0,26.0,45.0,29.91690582,94.55695552,6.117530021,28.16057247,muskmelon,True
1406,muskmelon,96.85009360313416,81.0,25.0,49.0,29.86895762,93.25103208,6.076459669,26.26243014,muskmelon,True
1407,muskmelon,95.14661312103271,117.0,24.0,53.0,29.17220859,92.21405224,6.293486295,21.30290472,muskmelon,True
1408,muskmelon,82.47724652290344,114.0,30.0,51.0,29.24908541,90.06998135,6.069171847000001,25.93496537,muskmelon,True
1409,muskmelon,75.58661997318268,113.0,6.0,52.0,27.76317235,90.35567642,6.740983646,25.21609113,muskmelon,True
1410,muskmelon,64.22004580497742,108.0,26.0,52.0,28.82629037,94.26765349,6.201797639,26.23838511,muskmelon,True
1411,muskmelon,56.84068344533444,81.0,30.0,48.0,28.52379742,92.09688432,6.041027474,29.86681385,muskmelon,True
1412,muskmelon,95.284823179245,115.0,9.0,52.0,29.06785065,90.97685539,6.019372459,29.1194739,muskmelon,True
1413,muskmelon,71.45461440086365,83.0,7.0,45.0,29.08417927,90.73891887,6.704104127000001,25.33014238,muskmelon,True
1414,muskmelon,66.6654098033905,84.0,21.0,55.0,28.47090661,94.79453182,6.494251024,21.08484101,muskmelon,True
1415,muskmelon,83.8839864730835,109.0,26.0,45.0,28.27973674,90.38971208,6.224535448999998,21.58992507,muskmelon,True
1416,muskmelon,95.45655727386475,95.0,27.0,55.0,28.47212559,91.21322065,6.160414414,20.88620369,muskmelon,True
1417,muskmelon,86.32789015769958,119.0,5.0,55.0,29.68846716,94.30111601,6.168757984,26.83924845,muskmelon,True
1418,muskmelon,90.76097011566162,110.0,14.0,51.0,27.02415146,91.66737633,6.085444691,21.26034986,muskmelon,True
1419,muskmelon,88.93972873687744,82.0,18.0,48.0,29.09588297,94.16748386,6.1590508160000015,26.70581328,muskmelon,True
1420,muskmelon,96.80106282234192,87.0,14.0,48.0,29.69238699,92.58862544,6.606033244,29.1102594,muskmelon,True
1421,muskmelon,89.47201371192932,85.0,9.0,53.0,28.20619412,92.86798698,6.447662945,28.78654515,muskmelon,True
1422,muskmelon,91.39238715171814,100.0,6.0,53.0,29.05248036,93.92217834,6.105909623,23.66620626,muskmelon,True
1423,muskmelon,92.90558099746704,107.0,12.0,46.0,29.57240298,93.61870344,6.559763394,27.56918621,muskmelon,True
1424,muskmelon,75.77919900417328,91.0,13.0,47.0,29.10968327,92.43510994,6.14410903,27.95602304,muskmelon,True
1425,muskmelon,93.59458923339844,102.0,25.0,50.0,28.20480805,92.91440379,6.099662369,20.36001144,muskmelon,True
1426,muskmelon,89.29815769195557,117.0,25.0,53.0,29.11858526,92.12543021,6.413927319,24.52020164,muskmelon,True
1427,muskmelon,94.58795666694641,85.0,21.0,52.0,29.62800691,90.10051615,6.0751441160000015,23.69586761,muskmelon,True
1428,muskmelon,88.58955442905426,104.0,25.0,55.0,29.81196601,90.36881284,6.123802502,22.68766503,muskmelon,True
1429,muskmelon,78.4105908870697,102.0,24.0,54.0,27.72338349,90.93897939,6.698468621,22.81863447,muskmelon,True
1430,muskmelon,87.71632790565491,116.0,25.0,50.0,29.26092798,92.92367701,6.088885814,28.70627683,muskmelon,True
1431,muskmelon,91.41987323760986,100.0,17.0,48.0,29.72791119,94.29753295,6.367800632000001,26.52364146,muskmelon,True
1432,muskmelon,85.2794885635376,110.0,25.0,54.0,28.91105641,90.78413842,6.425930938,23.44398467,muskmelon,True
1433,muskmelon,92.89754629135132,104.0,25.0,51.0,28.96361426,93.88482153,6.469983276000002,23.56130173,muskmelon,True
1434,muskmelon,88.80985379219055,107.0,11.0,54.0,28.59052369,91.33617236,6.094016337999999,29.44008034,muskmelon,True
1435,muskmelon,83.56122553348541,98.0,26.0,52.0,27.33897716,90.69759008,6.150090898999999,28.69113835,muskmelon,True
1436,muskmelon,95.32489657402039,88.0,17.0,52.0,29.90415889,90.75284363,6.646962425,25.37828397,muskmelon,True
1437,watermelon,47.84356486052275,87.0,25.0,46.0,27.42711692,90.02696201,6.379690748,21.7508774,muskmelon,False
1438,muskmelon,80.3698205947876,120.0,8.0,46.0,29.55657523,90.70937262,6.732834334,28.36535596,muskmelon,True
1439,muskmelon,97.76147484779358,95.0,13.0,46.0,29.84070774,93.76312893,6.126019932,23.28207838,muskmelon,True
1440,muskmelon,85.59407234191895,108.0,22.0,47.0,28.53545677,91.72742702,6.161123579,25.1290048,muskmelon,True
1441,muskmelon,72.05945670604706,82.0,13.0,52.0,27.11535046,94.86907886,6.442810053,26.51924782,muskmelon,True
1442,muskmelon,73.13691467046738,120.0,23.0,55.0,27.84492803,91.60666594,6.732049075,26.47844429,muskmelon,True
1443,muskmelon,93.13345551490784,110.0,22.0,47.0,29.03157242,91.82172592,6.243673725,24.93861254,muskmelon,True
1444,muskmelon,90.57895183563232,95.0,23.0,45.0,27.82424457,90.56698742,6.266208727,21.19014526,muskmelon,True
1445,muskmelon,89.01384949684143,106.0,10.0,49.0,27.72653142,92.00687531,6.350623739,20.21126747,muskmelon,True
1446,muskmelon,92.5477409362793,99.0,12.0,52.0,28.69708334,94.30759855,6.002927293,22.21807088,muskmelon,True
1447,muskmelon,94.4190788269043,106.0,20.0,51.0,29.73019662,90.97015715,6.342573112,20.49035619,muskmelon,True
1448,muskmelon,95.80546259880066,83.0,11.0,53.0,29.54097171,92.91778307,6.163921247999999,21.9653077,muskmelon,True
1449,muskmelon,91.4081883430481,117.0,19.0,55.0,28.80311922,91.78336933,6.121745389,25.16359891,muskmelon,True
1450,muskmelon,80.9416139125824,98.0,26.0,49.0,27.29035669,90.53330091,6.130160472999999,23.49535234,muskmelon,True
1451,muskmelon,65.77793046832085,113.0,20.0,48.0,27.46583649,94.87679041,6.440584681,27.27899847,muskmelon,True
1452,muskmelon,84.68320488929749,101.0,17.0,47.0,29.49401389,94.72981338,6.185053234,26.30820876,muskmelon,True
1453,muskmelon,84.39898252487183,98.0,7.0,45.0,27.79161808,92.51054946,6.157724816,26.85422624,muskmelon,True
1454,muskmelon,87.39706635475159,93.0,22.0,48.0,29.12533739,91.52291141,6.776987974,21.90440445,muskmelon,True
1455,muskmelon,77.16801330447197,95.0,21.0,47.0,27.93114233,93.56161439,6.431970877,20.66127836,muskmelon,True
1456,muskmelon,94.48962211608887,109.0,12.0,48.0,29.45771748,92.12534736,6.708743843,20.76212031,muskmelon,True
1457,muskmelon,76.10582828521729,118.0,12.0,47.0,27.96872279,92.17444796,6.010739645,28.94766949,muskmelon,True
1458,muskmelon,98.13860297203064,100.0,14.0,49.0,29.48882958,91.07574233,6.365956657999999,26.01909355,muskmelon,True
1459,muskmelon,87.19102382659912,89.0,9.0,47.0,29.47156259,90.77069618,6.6683827660000015,28.75226067,muskmelon,True
1460,muskmelon,77.51790165901184,95.0,16.0,46.0,27.076726500000003,90.14362622,6.74669542,24.4514648,muskmelon,True
1461,muskmelon,67.07190275192261,95.0,7.0,45.0,27.30008597,90.80015308,6.031665834,25.09484511,muskmelon,True
1462,muskmelon,75.54860472679138,87.0,6.0,45.0,29.82729394,90.79007335,6.40077205,22.84203589,muskmelon,True
1463,muskmelon,90.49798369407654,93.0,20.0,50.0,29.93061247,93.22980899,6.448792688999999,24.34814338,muskmelon,True
1464,muskmelon,82.81516134738922,84.0,29.0,49.0,29.94349168,93.90741192,6.251420275,20.39020503,muskmelon,True
1465,muskmelon,72.01262295246124,111.0,5.0,47.0,28.03306461,91.47355778,6.2744528110000015,21.17924769,muskmelon,True
1466,muskmelon,96.40019059181213,111.0,5.0,52.0,29.8843055,94.0371147,6.135996372,21.0000988,muskmelon,True
1467,muskmelon,80.35733014345169,111.0,15.0,54.0,27.7058373,92.91185695,6.194090172,22.06207161,muskmelon,True
1468,muskmelon,97.54798889160156,89.0,11.0,47.0,29.78714005,94.65343534,6.327822962000001,27.8659442,muskmelon,True
1469,muskmelon,89.57271575927734,110.0,15.0,48.0,28.57819995,92.86597437,6.2125672110000005,27.598717800000006,muskmelon,True
1470,muskmelon,86.83411240577698,95.0,30.0,52.0,29.48069921,90.33698678,6.640470862999999,26.0365768,muskmelon,True
1471,muskmelon,67.37281620502472,115.0,12.0,52.0,27.51492243,94.96218673,6.685553129,21.01796432,muskmelon,True
1472,muskmelon,94.60123538970947,120.0,25.0,50.0,28.05457761,94.81637388,6.327210469,21.84869328,muskmelon,True
1473,muskmelon,89.69798803329468,102.0,11.0,45.0,29.03167341,93.12603235,6.35544263,24.15591199,muskmelon,True
1474,muskmelon,95.50428867340088,94.0,5.0,55.0,28.5854649,91.89216849,6.085682343999999,26.88372572,muskmelon,True
1475,muskmelon,63.166091442108154,84.0,18.0,46.0,27.08808014,93.42402083,6.781050372999999,25.32159689,muskmelon,True
1476,muskmelon,81.00022673606873,107.0,22.0,54.0,27.99611732,90.84660317,6.630301421,21.61893763,muskmelon,True
1477,muskmelon,64.74852323532104,80.0,18.0,52.0,27.87317436,91.14849627,6.484799661,24.05207925,muskmelon,True
1478,muskmelon,95.72670102119446,86.0,18.0,45.0,28.96586565,90.71832938,6.566759102000001,22.25838137,muskmelon,True
1479,muskmelon,94.26922678947449,113.0,28.0,48.0,28.87726019,92.48839665,6.170520517999999,24.44267592,muskmelon,True
1480,muskmelon,97.41538763046265,115.0,18.0,53.0,29.17052093,94.19790371,6.0124803510000016,22.06994464,muskmelon,True
1481,muskmelon,85.18959641456604,82.0,20.0,54.0,29.34033587,90.01506395,6.541150335,21.44532907,muskmelon,True
1482,muskmelon,79.76645648479462,98.0,22.0,47.0,29.07265321,91.91533173,6.341400922,28.83568362,muskmelon,True
1483,muskmelon,94.523024559021,117.0,25.0,54.0,28.68275966,92.50969311,6.150686363999999,29.11187663,muskmelon,True
1484,muskmelon,82.42722451686859,83.0,15.0,49.0,28.92705913,91.39356832,6.438008152999999,23.20076686,muskmelon,True
1485,muskmelon,91.8349838256836,120.0,16.0,51.0,27.99901833,91.64193051,6.547041902999999,23.28618248,muskmelon,True
1486,muskmelon,63.099942207336426,111.0,5.0,50.0,27.59350075,91.79742953,6.399891457000001,24.84266123,muskmelon,True
1487,muskmelon,91.11645221710205,85.0,21.0,47.0,29.87331077,90.60932469,6.186770318,24.69720481,muskmelon,True
1488,muskmelon,88.39362263679504,90.0,23.0,54.0,28.55852465,90.45773041,6.159020864,27.26588346,muskmelon,True
1489,muskmelon,94.62011456489563,99.0,29.0,55.0,29.19378695,91.46241065,6.660954816,26.48240255,muskmelon,True
1490,muskmelon,76.37779328972101,102.0,11.0,47.0,27.98780984,92.78226196,6.504906978999999,27.14509034,muskmelon,True
1491,muskmelon,66.57016426324844,80.0,18.0,51.0,28.05380704,91.81758779,6.706053225,20.76582087,muskmelon,True
1492,muskmelon,82.53938317298889,87.0,21.0,52.0,27.350629600000005,94.29119509999998,6.067665497999999,27.21244021,muskmelon,True
1493,muskmelon,84.85718965530396,114.0,8.0,52.0,29.34081108,94.5513539,6.419083092,28.22908103,muskmelon,True
1494,muskmelon,85.86841583251953,99.0,6.0,46.0,28.61475136,94.22253035,6.39637861,28.98574189,muskmelon,True
1495,muskmelon,86.05177521705627,89.0,25.0,50.0,27.04863538,91.34685096,6.375923383,25.08146686,muskmelon,True
1496,muskmelon,91.50801658630371,96.0,13.0,55.0,29.5275305,94.57459443,6.700337732,21.13545688,muskmelon,True
1497,muskmelon,68.51665675640106,82.0,26.0,47.0,28.50416396,93.46806467,6.565312652999999,24.20007242,muskmelon,True
1498,muskmelon,83.43790590763092,106.0,21.0,52.0,28.89578588,94.78993038,6.286515359,23.0362503,muskmelon,True
1499,muskmelon,80.36342680454254,90.0,15.0,52.0,27.04927452,91.3821731,6.448061578,23.65747461,muskmelon,True
1500,muskmelon,78.26956033706665,106.0,16.0,54.0,28.96017885,91.69532178,6.585872508,24.7458198,muskmelon,True
1501,apple,99.31171417236328,24.0,128.0,196.0,22.75088787,90.69489172,5.521466996,110.4317855,apple,True
1502,apple,98.80118370056152,7.0,144.0,197.0,23.8494014,94.34814995,6.133220586,114.0512495,apple,True
1503,apple,92.32237458229065,14.0,128.0,205.0,22.60800988,94.58900601,6.226289556,116.0396587,apple,True
1504,apple,93.74140501022339,8.0,120.0,201.0,21.18667419,91.13435689,6.321152192,122.233323,apple,True
1505,apple,97.48718857765198,20.0,129.0,201.0,23.41044706,91.69913296,5.587905967,116.07779309999998,apple,True
1506,apple,97.1811592578888,32.0,137.0,204.0,22.86006627,93.12859895,5.824151692999999,117.7296726,apple,True
1507,apple,93.40012073516846,27.0,139.0,205.0,22.48403042,93.40819246,5.7721799460000005,105.5473627,apple,True
1508,apple,96.53631448745728,0.0,123.0,205.0,22.02775403,92.96129462,5.790993052,121.1349176,apple,True
1509,apple,82.12146908044815,22.0,144.0,196.0,21.91191314,91.68748063,6.4992268210000015,117.0761277,apple,True
1510,apple,88.9899605512619,1.0,124.0,199.0,23.71059131,93.27392415,5.658473817000001,112.66765890000002,apple,True
1511,apple,98.92336368560791,30.0,122.0,197.0,21.37784654,92.72043743,5.573241391,106.1417017,apple,True
1512,apple,97.21222162246704,29.0,121.0,196.0,22.84852833,94.32130209,6.079497202000001,123.5977843,apple,True
1513,apple,96.293466091156,13.0,126.0,204.0,23.1094265,92.79630809,6.3831802710000005,108.183792,apple,True
1514,apple,79.54570472240448,9.0,139.0,199.0,23.25230817,94.54128292,5.867420996,105.3558408,apple,True
1515,apple,91.79636836051941,0.0,133.0,200.0,23.67287749,90.4935574,5.708418722,104.2298028,apple,True
1516,apple,93.49726915359497,30.0,143.0,199.0,23.76881552,90.59810302,5.7983508000000015,102.2648546,apple,True
1517,apple,89.62835550308228,36.0,140.0,198.0,23.34386401,91.47684705,6.28188384,104.4267991,apple,True
1518,apple,98.75104188919067,37.0,137.0,199.0,22.63946441,90.18451645,5.697945522,108.3405879,apple,True
1519,apple,99.30048942565918,33.0,121.0,203.0,22.45696744,94.76285385,5.6059340870000005,114.8407725,apple,True
1520,apple,98.97504448890686,7.0,144.0,195.0,22.96388477,93.58065995,5.85648105,104.64729859999998,apple,True
1521,apple,97.28662014007568,35.0,128.0,205.0,21.07273439,93.56585985,6.041053829,107.8737015,apple,True
1522,apple,99.52424049377441,29.0,128.0,198.0,22.44075021,92.70785115,5.685062404,121.4977331,apple,True
1523,apple,98.16762924194336,2.0,143.0,196.0,22.71271308,90.45261746,5.669489065,109.8852597,apple,True
1524,apple,97.11506485939026,34.0,140.0,198.0,21.70416965,93.44006288,5.751707342,115.1781396,apple,True
1525,apple,99.61482048034668,29.0,144.0,204.0,22.43324518,92.48667725,5.800448951,119.1025189,apple,True
1526,apple,93.89299154281616,32.0,141.0,203.0,21.25941052,92.84416234,5.821347769,109.06584709999998,apple,True
1527,apple,98.5812759399414,13.0,144.0,197.0,22.9215706,94.89613443,6.28022267,105.6941544,apple,True
1528,apple,98.42342972755432,25.0,143.0,198.0,22.81212536,91.51861705,6.027314401,107.855225,apple,True
1529,apple,79.70612168312073,9.0,137.0,200.0,21.12152071,90.6878768,5.636687393,102.8017203,apple,True
1530,apple,99.17179942131042,6.0,144.0,198.0,21.11478672,90.31528693,5.559363609,104.5086618,apple,True
1531,apple,99.6974265575409,37.0,126.0,196.0,23.59997268,90.97597665,5.596449493,107.17281909999998,apple,True
1532,apple,98.5137927532196,2.0,120.0,203.0,23.12652652,94.71203306,5.893492998999999,108.62118329999998,apple,True
1533,apple,99.88654971122742,11.0,143.0,197.0,22.98458907,93.3204487,5.875718516,122.1952483,apple,True
1534,apple,83.39705049991608,10.0,141.0,201.0,22.12659387,90.97818277,6.386021424,104.5412275,apple,True
1535,apple,99.11882519721985,24.0,142.0,202.0,22.53779727,91.48135786,5.710819862,101.8474768,apple,True
1536,apple,99.28303360939026,23.0,138.0,195.0,22.49095104,91.70292746,5.7959857160000015,124.3915101,apple,True
1537,apple,97.61328220367432,18.0,125.0,204.0,22.35548159,94.47811755,6.046673619,116.7366261,apple,True
1538,apple,79.98706042766571,13.0,121.0,196.0,22.20700989,93.50574163,6.443382913,120.1593771,apple,True
1539,apple,98.64978432655334,26.0,122.0,202.0,22.44516988,94.73763514,5.617227184,107.1843273,apple,True
1540,apple,98.1602680683136,28.0,123.0,202.0,22.76643029,92.12438519,6.442289294,120.4359949,apple,True
1541,apple,93.75045657157898,26.0,121.0,201.0,22.19109412,90.02575116,6.162034371,112.3126628,apple,True
1542,apple,99.46137070655823,21.0,137.0,196.0,23.6119202,91.70293849,5.812781806,123.5900822,apple,True
1543,apple,98.9282763004303,21.0,135.0,198.0,23.86087054,94.92048112,5.7650151260000015,105.0241329,apple,True
1544,apple,88.5667484998703,5.0,144.0,205.0,21.42177231,92.62665309,6.184922574,102.8045658,apple,True
1545,apple,98.84676814079285,2.0,123.0,205.0,22.36629253,90.78572467,5.739652177000001,124.9831618,apple,True
1546,apple,97.32561469078064,15.0,133.0,199.0,23.99686172,91.61001707,5.8247786360000005,117.6102915,apple,True
1547,apple,94.09696817398071,31.0,130.0,198.0,21.80129837,92.73446667,5.554823557000001,120.05866709999998,apple,True
1548,apple,82.36213326454163,25.0,143.0,200.0,23.80436344,92.80441624,6.024248787,100.6192543,apple,True
1549,apple,99.72062349319458,16.0,143.0,204.0,23.71475278,91.53331177,5.631333387000001,121.8961665,apple,True
1550,apple,99.37793135643005,19.0,122.0,202.0,23.34467359,90.37981478,5.811975094,112.8954016,apple,True
1551,apple,99.35193657875061,10.0,125.0,196.0,22.31253665,90.03577124,5.730557448,113.0688155,apple,True
1552,apple,98.51420044898987,20.0,139.0,202.0,23.50201428,92.21083961,5.66999105,107.9868949,apple,True
1553,apple,99.83332514762878,28.0,123.0,198.0,23.46260321,91.45665004,5.682751473,111.7763395,apple,True
1554,apple,99.44138765335083,28.0,136.0,200.0,23.06204373,92.39544055,6.245858905,114.7399101,apple,True
1555,apple,99.42729711532593,2.0,131.0,199.0,22.47420512,91.22759742,6.017370134,124.2179699,apple,True
1556,apple,92.17646360397339,2.0,140.0,197.0,22.69780133,92.82223419,5.53456749,105.0508234,apple,True
1557,apple,98.0428421497345,27.0,138.0,201.0,23.66682067,93.90191078,5.952367662,105.4004751,apple,True
1558,apple,99.48466420173645,30.0,127.0,204.0,22.50050273,92.45878335,6.126436584,100.9343903,apple,True
1559,apple,78.72563242912292,32.0,145.0,203.0,23.83053666,90.84422164,6.406818518,109.5966791,apple,True
1560,apple,88.7134039402008,29.0,139.0,205.0,23.64142354,93.74461474,6.155939452999999,116.6912176,apple,True
1561,apple,99.39396739006042,26.0,126.0,195.0,21.41363812,92.99124545,5.878568981,118.3979065,apple,True
1562,apple,98.98091554641724,40.0,136.0,202.0,22.85267372,94.57645809999998,5.935336307999999,117.53140259999998,apple,True
1563,apple,97.01266646385193,6.0,124.0,200.0,22.98208095,93.84505029,5.971332179,109.5852253,apple,True
1564,apple,99.39526915550232,35.0,138.0,200.0,21.19909519,90.80819418,5.67130617,103.6838922,apple,True
1565,apple,98.32152724266052,17.0,136.0,196.0,23.87192332,90.49939035,5.882155987999999,103.0548094,apple,True
1566,apple,99.84539031982422,33.0,134.0,205.0,21.0365275,94.33919546,6.08551916,114.7412734,apple,True
1567,apple,93.53946447372437,16.0,143.0,197.0,22.61711614,93.51978375,5.90402645,116.9256766,apple,True
1568,apple,98.70382070541382,27.0,120.0,200.0,21.45278675,90.74531921,6.1102188260000005,116.7036582,apple,True
1569,apple,99.31024074554443,29.0,145.0,205.0,22.81227579,92.12992101,6.212302608,109.3383552,apple,True
1570,apple,96.57212853431702,3.0,141.0,197.0,21.98141856,91.12719303,6.142803397000001,115.4789148,apple,True
1571,apple,94.54629421234131,15.0,123.0,204.0,22.52709326,92.54780429,6.365972687999999,115.3830068,apple,True
1572,apple,97.7668833732605,5.0,136.0,195.0,22.35628673,91.92360477,6.264202804,107.7697413,apple,True
1573,apple,79.14741657674313,10.0,136.0,204.0,21.19852186,92.15595143,6.276198595,105.8554351,apple,True
1574,apple,94.42660570144653,7.0,141.0,195.0,23.8812458,93.45067555,5.514253142,104.9116663,apple,True
1575,apple,98.39696526527405,2.0,129.0,201.0,22.78234161,94.36803516,5.682343744,122.1449949,apple,True
1576,apple,99.72519040107727,29.0,138.0,197.0,22.19055385,92.43764169,5.830892252000001,121.6622761,apple,True
1577,apple,98.75213027000427,30.0,137.0,200.0,22.91430043,90.70475565,5.603413172000001,118.6044645,apple,True
1578,apple,96.55090689659119,29.0,132.0,204.0,23.08950736,90.22507299,6.0967531,108.2166601,apple,True
1579,apple,97.41741180419922,14.0,139.0,197.0,21.72484506,92.83975602,6.056529526,121.6961761,apple,True
1580,apple,99.7417676448822,18.0,125.0,203.0,22.44307715,91.59234006,6.160267496,102.5565807,apple,True
1581,apple,93.99986267089844,33.0,143.0,204.0,21.1316077,91.95769858,5.814434775,122.5391946,apple,True
1582,apple,98.31098079681396,40.0,144.0,196.0,22.71750705,92.25479855,5.987262638,107.0289866,apple,True
1583,apple,98.9249312877655,9.0,143.0,197.0,23.75033085,92.88160462,5.570020684,117.6602827,apple,True
1584,apple,99.58620548248291,38.0,135.0,203.0,23.76121837,93.661643,5.9655513110000005,100.825956,apple,True
1585,apple,99.3498969078064,28.0,130.0,196.0,22.13450646,94.67695747,6.062356467000001,112.9203223,apple,True
1586,apple,98.94736766815186,35.0,142.0,203.0,21.17089176,90.23730166,5.895319002000001,123.6495149,apple,True
1587,apple,98.50338697433472,12.0,129.0,205.0,22.36238282,91.15761594,6.119432215,118.68327250000002,apple,True
1588,apple,97.31873869895935,1.0,135.0,203.0,22.77856513,92.70124029,5.624203283,113.7759219,apple,True
1589,apple,99.64081168174744,0.0,145.0,205.0,21.22503442,90.09877774,5.52078314,113.9760462,apple,True
1590,apple,97.07533478736877,31.0,121.0,201.0,23.15791104,90.34396882,5.731535257999999,110.712841,apple,True
1591,apple,96.98226690292358,35.0,131.0,203.0,22.42776057,93.91722423,5.893490899,102.7230739,apple,True
1592,apple,97.96732187271118,29.0,140.0,195.0,23.64082979,90.95257927,5.560521058,116.7431319,apple,True
1593,apple,80.40369912981987,33.0,138.0,198.0,22.29423493,90.69033986,6.222390797999999,122.7418744,apple,True
1594,apple,99.33107376098633,14.0,140.0,197.0,23.35225078,90.90054697,6.071255131,113.0381382,apple,True
1595,apple,99.87831354141235,35.0,145.0,195.0,22.03911546,94.58075845,6.231950009,110.9804014,apple,True
1596,apple,97.8885805606842,40.0,120.0,197.0,23.80593812,92.48879468,5.889480679,119.6335548,apple,True
1597,apple,93.58589172363281,25.0,132.0,198.0,22.31944084,90.85174383,5.732757516,100.1173443,apple,True
1598,apple,98.91220450401306,31.0,137.0,196.0,22.14464104,93.82567435,6.400321212000001,120.6310784,apple,True
1599,apple,97.09733963012695,36.0,144.0,196.0,23.65167552,94.50528753,6.496934492,115.3611268,apple,True
1600,apple,99.01660203933716,10.0,140.0,197.0,22.16939473,90.27185592,6.229498836,124.4683112,apple,True
1601,orange,56.91136419773102,22.0,30.0,12.0,15.78144173,92.51077745,6.354006743999999,119.035002,orange,True
1602,orange,81.41180574893951,37.0,6.0,13.0,26.03097313,91.50819306,7.511755067999999,101.2847738,orange,True
1603,orange,94.82328653335571,27.0,13.0,6.0,13.36050601,91.35608208,7.335158382,111.2266885,orange,True
1604,orange,84.00323450565338,7.0,16.0,9.0,18.87957654,92.04304496,7.813916602999999,114.6659511,orange,True
1605,orange,96.8643319606781,20.0,7.0,9.0,29.47741671,91.57802915,7.1291369410000005,111.1727497,orange,True
1606,coconut,46.26499891281128,26.0,27.0,10.0,28.06903173,92.91487288,6.079998496,114.1339416,orange,False
1607,orange,80.20588278770447,5.0,23.0,15.0,25.66901098,92.04670813,7.408939392000001,112.5424199,orange,True
1608,orange,97.0599365234375,0.0,18.0,14.0,29.77149434,92.00719952,7.207991261,114.41617859999998,orange,True
1609,orange,89.25262928009033,39.0,24.0,14.0,30.55472573,90.90343769,7.189259647,106.0711985,orange,True
1610,orange,88.02536010742188,13.0,23.0,6.0,23.96147583,90.26408017,7.365338111,102.6958703,orange,True
1611,orange,81.17741703987122,21.0,17.0,15.0,23.98289638,91.5473145,7.455991072000001,118.4901697,orange,True
1612,orange,75.2465507388115,33.0,12.0,8.0,25.26052689,90.31153735,6.822282114,117.36952959999998,orange,True
1613,orange,94.66827630996704,6.0,9.0,12.0,31.08368929,90.14362642,7.028746406000002,109.6894658,orange,True
1614,orange,64.10108983516693,19.0,7.0,10.0,14.78003032,91.22062116,6.118430299,100.1961762,orange,True
1615,coconut,50.58495059609414,24.0,18.0,6.0,26.56608303,94.45239715,6.285312759,116.3796525,orange,False
1616,orange,74.23465847969055,9.0,11.0,8.0,24.85903405,94.39000473,6.559236744,111.78037340000002,orange,True
1617,orange,96.83344841003418,31.0,8.0,7.0,34.51465139,93.63812684,7.163245982,103.5684926,orange,True
1618,orange,77.3712307214737,22.0,17.0,5.0,24.12188673,90.72351622,6.945562889,102.835632,orange,True
1619,orange,86.23790502548218,13.0,5.0,8.0,23.85340379,90.10522549,7.474710503,103.923226,orange,True
1620,orange,91.43478989601135,16.0,8.0,9.0,24.60297538,91.28408653,7.601189842999999,111.2948115,orange,True
1621,orange,95.51318764686584,4.0,13.0,6.0,15.63211033,94.25966183,7.5611432239999985,101.4705704,orange,True
1622,orange,50.40110629051924,0.0,25.0,14.0,19.33516809,91.97978938,6.361671475,116.450422,orange,True
1623,orange,83.9192533493042,8.0,7.0,10.0,28.2620488,91.98317355,6.929216014,105.2132259,orange,True
1624,orange,90.66855907440186,4.0,23.0,5.0,22.67594476,93.36348717,7.477935216,110.3332655,orange,True
1625,orange,94.41136121749878,33.0,14.0,8.0,21.03200078,92.9641969,7.684420446,110.6823944,orange,True
1626,orange,99.07634496688843,30.0,7.0,15.0,33.23453301,91.06053924,7.825531916,115.7659902,orange,True
1627,orange,36.97854891419411,21.0,29.0,12.0,22.30318989,92.15987039,6.438668989,117.3688104,orange,True
1628,orange,80.28998851776123,11.0,14.0,5.0,11.50322938,94.8933184,6.946354724,115.56837759999998,orange,True
1629,orange,85.82500696182251,9.0,8.0,15.0,14.34320488,94.35734702,7.994465371,110.22231229999998,orange,True
1630,orange,89.42660689353943,5.0,18.0,14.0,33.105698100000005,93.48447453,7.434118807000001,119.1709113,orange,True
1631,orange,98.04436206817627,29.0,25.0,14.0,30.49183837,90.4582865,7.781988584,113.3302105,orange,True
1632,coconut,56.430116444826126,33.0,12.0,15.0,30.25578031,92.03272799,6.052318465,116.7173125,orange,False
1633,orange,96.63762927055359,8.0,16.0,6.0,12.22816189,90.26457428,7.106650373,108.4161706,orange,True
1634,orange,90.38737893104553,15.0,14.0,8.0,10.01081312,90.22399223,6.22094286,119.3941064,orange,True
1635,orange,56.447962522506714,16.0,7.0,8.0,22.79196751,90.60901895,6.420457311,116.5084074,orange,True
1636,orange,63.574449717998505,0.0,12.0,7.0,20.18432263,90.65458473,6.969249676,116.8130969,orange,True
1637,coconut,66.3026612997055,5.0,25.0,6.0,30.72119881,94.01331956,6.0113021810000005,106.8118019,orange,False
1638,orange,60.182321518659585,6.0,8.0,11.0,24.35590861,92.39651663,6.600948787999999,119.6946577,orange,True
1639,orange,74.66925024986267,10.0,5.0,5.0,21.21306973,91.35349216,7.817846496,112.9834361,orange,True
1640,orange,90.62909126281738,1.0,17.0,6.0,10.78689755,91.38411917,6.8198271,117.5293447,orange,True
1641,orange,95.27467131614685,1.0,30.0,10.0,11.89925671,91.34663797,7.291405641,103.5771468,orange,True
1642,orange,53.21802347898483,0.0,23.0,15.0,22.56664172,93.37488907,7.598729065,109.8585753,orange,True
1643,orange,39.52473133802414,24.0,27.0,9.0,18.86883219,93.24688124,6.157135092000001,119.3936976,orange,True
1644,orange,77.06086277961731,36.0,11.0,13.0,17.34083741,93.04897191,7.1917274,112.7194284,orange,True
1645,orange,74.88751282915473,40.0,21.0,8.0,34.90665289,92.87820148,7.418761774,102.1906333,orange,True
1646,orange,34.383342042565346,40.0,22.0,6.0,24.53610067,91.90997228,6.488221135,115.9787989,orange,True
1647,orange,68.44521582126617,32.0,18.0,13.0,13.8377282,91.74780462,6.044167236,107.9873218,orange,True
1648,pomegranate,61.488158702850335,9.0,10.0,10.0,22.3551049,93.52211892,6.010391864,101.5164589,orange,False
1649,orange,97.0416533946991,13.0,16.0,8.0,34.74004942,93.12316972,6.949838549,100.1967854,orange,True
1650,orange,95.19065022468567,15.0,9.0,11.0,11.54785707,94.14861001,7.907956251,108.82891709999998,orange,True
1651,orange,81.9740641117096,29.0,11.0,5.0,23.13338811,91.94670335,7.639788459,104.4224145,orange,True
1652,orange,88.85869324207306,1.0,15.0,9.0,29.98364695,94.55239717,7.53350946,115.3560318,orange,True
1653,pomegranate,51.58815972507001,18.0,5.0,11.0,20.87947369,90.93756231,6.251586885,102.4550786,orange,False
1654,pomegranate,52.607914209365845,14.0,22.0,9.0,17.24944623,91.13772765,6.543191814,112.50905159999998,orange,False
1655,orange,78.04493963718414,33.0,15.0,7.0,15.83388699,91.68293851,7.651225301,109.7571416,orange,True
1656,orange,41.61270573735237,4.0,6.0,7.0,23.01014302,91.11764246,6.708889665,112.6738296,orange,True
1657,orange,49.16199028491974,17.0,16.0,14.0,16.39624284,92.18151927,6.625538653,102.944161,orange,True
1658,orange,65.92781111598015,12.0,20.0,10.0,24.45132792,93.10527686,6.528354932,109.4711098,orange,True
1659,papaya,41.64958670735359,34.0,29.0,8.0,31.87859192,91.15248149,6.450640306,105.3437825,orange,False
1660,orange,65.80573365092278,39.0,28.0,10.0,31.34920143,91.48247612,7.181907673,109.1549823,orange,True
1661,orange,61.6831648349762,31.0,25.0,12.0,18.05142392,90.03969587,7.016482298,111.7793889,orange,True
1662,orange,76.88229247927666,12.0,6.0,8.0,30.84835031,92.86773675,6.388617138,107.4142681,orange,True
1663,orange,85.59074640274048,12.0,29.0,13.0,22.45616931,91.52781832,7.57125447,118.0069295,orange,True
1664,orange,89.47017312049866,26.0,11.0,11.0,13.70319166,90.95589386,7.609348255,106.2944879,orange,True
1665,orange,66.42829090356827,19.0,24.0,15.0,20.48954522,93.72485075,7.137136973,111.83919509999998,orange,True
1666,orange,85.47886371612549,39.0,21.0,9.0,13.20844373,94.02769434,6.354022554,106.2696156,orange,True
1667,orange,38.29439885914326,16.0,29.0,13.0,32.31944397,93.67804556,6.196907944,117.6236473,orange,True
1668,orange,76.15028321743011,36.0,29.0,13.0,20.68185224,90.91510525,7.829507245,109.7513927,orange,True
1669,orange,71.4433217048645,37.0,23.0,12.0,31.52675982,90.50621806,6.395258356,113.1169398,orange,True
1670,orange,91.52432441711426,39.0,9.0,15.0,25.35467646,91.81183218,7.992041984,116.7555937,orange,True
1671,orange,62.82096266746521,31.0,5.0,14.0,17.66545409,91.69865887,6.583411671,110.6857506,orange,True
1672,orange,84.56058084964752,18.0,12.0,8.0,12.59093977,91.81668769,6.206053072,119.39167179999998,orange,True
1673,orange,88.57418537139893,20.0,20.0,10.0,11.86631922,93.68394562,6.976997772000001,106.060149,orange,True
1674,orange,81.06439009308815,5.0,8.0,5.0,11.03367937,92.22706805,6.562594972,112.7715925,orange,True
1675,orange,82.03544676303864,20.0,8.0,12.0,25.2990432,94.96419851,7.260416405,117.9733424,orange,True
1676,orange,60.947393178939826,25.0,21.0,11.0,32.23797837,90.15406807,6.460044777999999,104.7052254,orange,True
1677,pomegranate,66.39964580535889,14.0,19.0,14.0,17.68408797,94.35815354,6.699164936,108.0638166,orange,False
1678,orange,93.31475138664246,37.0,18.0,12.0,10.2708877,90.19147747,7.401121811,106.69552040000002,orange,True
1679,orange,75.41125178337097,26.0,15.0,6.0,17.22034507,94.78797376,6.912033409,108.0054343,orange,True
1680,orange,75.25846064090729,13.0,22.0,5.0,19.667056,90.50096668,7.764040111,100.1737964,orange,True
1681,orange,94.2288088798523,32.0,25.0,9.0,10.35609594,93.75652041,7.796034006,101.1456947,orange,True
1682,orange,79.24804747104645,19.0,7.0,9.0,27.255435,91.71369387,6.969883482999999,101.139435,orange,True
1683,orange,93.30332636833191,28.0,7.0,9.0,34.591784600000004,92.13229786,6.730757538,115.5650287,orange,True
1684,orange,71.14885210990906,24.0,30.0,11.0,32.39523995,94.51768464,6.601395755,113.25373,orange,True
1685,orange,77.85463869571686,7.0,17.0,10.0,10.16431299,91.22320999,6.465913274,106.362551,orange,True
1686,orange,45.365440249443054,18.0,23.0,8.0,21.49118657,93.43949693,6.41354791,101.4819888,orange,True
1687,orange,81.41618371009827,7.0,20.0,12.0,16.53460397,94.76759975,6.475275337,110.0447896,orange,True
1688,orange,75.77111303806305,20.0,23.0,11.0,31.852069399999998,90.12220323,6.407715561,109.9455062,orange,True
1689,orange,40.49714803695679,18.0,14.0,11.0,28.04799508,90.00621688,6.550814117000001,117.1311498,orange,True
1690,orange,98.52711200714111,34.0,11.0,10.0,31.75048899,94.59551226,7.36220835,115.1989301,orange,True
1691,orange,93.57046246528625,20.0,29.0,10.0,29.07412717,93.27189064,7.36549204,100.7896871,orange,True
1692,orange,80.33848762512207,37.0,24.0,13.0,19.14381903,90.71037456,7.8546243,108.0230792,orange,True
1693,orange,88.70684266090393,12.0,8.0,10.0,16.14820285,91.4448027,7.995848977,107.4287664,orange,True
1694,orange,87.99566268920898,34.0,10.0,14.0,34.05296914,92.05811721,6.725600855,116.8020848,orange,True
1695,orange,99.52563643455505,6.0,13.0,9.0,34.51423957,90.56151463,7.786725333,118.32719679999998,orange,True
1696,orange,91.85407757759094,27.0,30.0,5.0,32.71748548,90.54608254,7.656978112000001,113.328978,orange,True
1697,orange,89.95555758476257,13.0,8.0,12.0,25.16296632,92.54736032,7.105904818,114.3117197,orange,True
1698,orange,94.17237043380737,6.0,7.0,7.0,27.68167318,94.47316879,7.199106204,113.9995146,orange,True
1699,orange,77.11169600486755,40.0,17.0,15.0,21.35093384,90.9492967,7.871063004,107.0862095,orange,True
1700,orange,88.64433288574219,31.0,26.0,9.0,11.69894639,93.25638873,7.566165721,103.2005992,orange,True
1701,papaya,90.44592022895813,61.0,68.0,50.0,35.21462816,91.49725058,6.7932454170000005,243.0745066,papaya,True
1702,papaya,98.01174759864807,58.0,46.0,45.0,42.39413392,90.79028064,6.576261427,88.46607497,papaya,True
1703,papaya,81.21308714151382,45.0,47.0,55.0,38.4191628,91.14220381,6.751452932,119.2653877,papaya,True
1704,papaya,97.7316164970398,39.0,65.0,53.0,35.33294932,92.11508608,6.560743092999999,235.6133585,papaya,True
1705,papaya,99.71168518066406,31.0,68.0,45.0,42.92325255,90.07600528,6.938313356,196.2408242,papaya,True
1706,papaya,97.20695614814758,70.0,68.0,45.0,33.83508569,92.85470152,6.991626158,203.4044028,papaya,True
1707,papaya,83.3787140250206,68.0,62.0,50.0,33.20258348,92.76437927,6.977700268,197.5282582,papaya,True
1708,papaya,92.01743483543396,34.0,65.0,47.0,23.48546973,93.71043692,6.833768535,191.7760562,papaya,True
1709,papaya,92.99683213233948,38.0,68.0,54.0,29.33710543,90.81781439,6.739170045,202.0572747,papaya,True
1710,papaya,98.49629163742065,69.0,64.0,47.0,40.21199348,94.50766912,6.993473247000001,186.6762324,papaya,True
1711,papaya,98.631272315979,58.0,51.0,47.0,42.13473976,91.70445386,6.757470637000001,197.402901,papaya,True
1712,papaya,75.77839136123657,59.0,47.0,53.0,32.86316618,91.4618874,6.8506632320000005,47.271547,papaya,True
1713,papaya,83.7448325753212,44.0,64.0,54.0,29.80744318,91.38048469,6.74274935,232.7046126,papaya,True
1714,papaya,62.89566636085511,56.0,57.0,48.0,31.56213762,93.0484859,6.506120752,63.62250788,papaya,True
1715,papaya,99.27716732025146,69.0,60.0,54.0,36.32268069,93.06134398,6.98992719,141.1736926,papaya,True
1716,papaya,99.52250957489014,56.0,58.0,49.0,37.13165026,94.60761797,6.69215564,172.47880619999995,papaya,True
1717,papaya,96.7885971069336,49.0,55.0,53.0,38.4418717,93.63739039,6.544029776,77.71566883,papaya,True
1718,papaya,81.05365753173828,38.0,51.0,52.0,32.66160599,90.78931681,6.927803911,78.85085502,papaya,True
1719,papaya,86.07086896896362,54.0,65.0,47.0,27.92765919,91.55594211,6.721835879,149.91075569999995,papaya,True
1720,papaya,97.75857448577881,57.0,57.0,51.0,39.01793345,91.48815629,6.99223441,105.8841531,papaya,True
1721,papaya,77.86488488316536,39.0,52.0,53.0,32.51247398,94.65904123,6.704204398,51.07048113,papaya,True
1722,papaya,99.38045740127563,58.0,67.0,45.0,38.72382798,91.72514851,6.702424548,62.62377075,papaya,True
1723,papaya,99.75348711013794,61.0,64.0,52.0,43.30204933,92.83405443,6.641098708,110.562229,papaya,True
1724,papaya,67.48882383108139,34.0,62.0,55.0,27.58548913,90.72526502,6.585346229,238.5008779,papaya,True
1725,papaya,88.72647702693939,31.0,48.0,45.0,40.78881819,92.90951393,6.563134737,132.7923586,papaya,True
1726,rice,40.750006176531315,47.0,46.0,52.0,23.19451074,91.40301608,6.502289472999999,206.3999208,papaya,False
1727,papaya,99.40471172332764,32.0,68.0,52.0,32.68067385,92.61715632,6.800321319,248.8592986,papaya,True
1728,papaya,98.07369947433472,36.0,59.0,46.0,34.28879307,93.61082872,6.721130542999999,127.2509777,papaya,True
1729,papaya,99.71994876861572,61.0,51.0,51.0,39.30050027,94.16193416,6.574677594,120.9512466,papaya,True
1730,papaya,99.41591501235962,70.0,54.0,46.0,39.73149053,91.12220596,6.919342407,122.7628653,papaya,True
1731,papaya,88.07604789733887,44.0,56.0,49.0,39.23342464,91.25589286,6.519779582999999,64.4478499,papaya,True
1732,mungbean,43.947174437344074,34.0,68.0,51.0,27.34734861,94.17756725,6.687088097999999,40.35153141,papaya,False
1733,papaya,89.41676795482635,50.0,59.0,47.0,40.76998685,92.09278584,6.747975732,209.8678411,papaya,True
1734,papaya,41.73537760972977,39.0,70.0,52.0,26.26559543,90.79668055,6.65149129,59.49373381,papaya,True
1735,papaya,77.54266917705536,34.0,61.0,49.0,28.12971499,93.3210737,6.502675132,117.8201907,papaya,True
1736,papaya,98.70828151702881,44.0,60.0,55.0,34.2804607,90.55561637,6.825371185,98.54047745,papaya,True
1737,papaya,93.72955322265625,31.0,62.0,52.0,33.7960155,93.00754254,6.99104104,182.026807,papaya,True
1738,papaya,58.31947714090347,65.0,62.0,51.0,31.53243779,90.87394933,6.5116248410000015,207.0735119,papaya,True
1739,papaya,92.74967670440674,44.0,57.0,53.0,42.30495821,90.51431779,6.93172108,74.876786,papaya,True
1740,papaya,39.350857734680176,50.0,47.0,48.0,24.63676897,90.61964344,6.712772332999999,218.2299187,papaya,True
1741,papaya,79.4217598438263,43.0,50.0,48.0,28.28222883,91.37059792,6.63016515,179.27208069999998,papaya,True
1742,papaya,31.04480840265751,60.0,46.0,53.0,24.48620746,92.98254537,6.761953186,183.49095,papaya,True
1743,papaya,99.3835973739624,70.0,68.0,55.0,42.84609252,94.63548176,6.691202286,78.80996390000001,papaya,True
1744,papaya,99.7695255279541,59.0,62.0,52.0,43.67549305,93.10887229,6.608667683999999,103.8235658,papaya,True
1745,papaya,99.76122975349426,60.0,58.0,51.0,42.07213781,92.92203105,6.840802254,165.7412972,papaya,True
1746,papaya,99.86637830734253,42.0,60.0,47.0,33.46873719,92.12746225,6.834808347999999,136.8277041,papaya,True
1747,papaya,47.64669142663479,35.0,66.0,47.0,31.7018373,91.66232213,6.953439161,48.83810592,papaya,True
1748,papaya,94.06264305114746,34.0,65.0,48.0,41.41968393,90.03863107,6.665024507999999,199.3096432,papaya,True
1749,papaya,99.77066159248352,36.0,54.0,46.0,42.54744013,94.94482086,6.662875839,214.41038480000003,papaya,True
1750,papaya,68.77847373485565,39.0,64.0,52.0,28.91842453,94.63676767,6.678695788,63.68794608,papaya,True
1751,papaya,94.32894468307495,37.0,52.0,47.0,43.08022702,93.90305729,6.54277684,211.8529059,papaya,True
1752,papaya,68.58302533626556,33.0,47.0,46.0,29.20300896,93.96834049,6.839443833,209.4083305,papaya,True
1753,papaya,93.82705569267273,34.0,48.0,48.0,41.04224355,91.37258067,6.805277038,181.527598,papaya,True
1754,papaya,28.445778265595433,49.0,54.0,50.0,25.62446619,93.18240298,6.762522087000001,97.26336657,papaya,True
1755,papaya,99.3644118309021,40.0,65.0,49.0,35.32876402,91.06138506,6.678449317999999,163.9069365,papaya,True
1756,cotton,22.41282317787409,68.0,52.0,49.0,24.42561272,92.27749066,6.577192175,63.35298768,papaya,False
1757,mungbean,33.6706287227571,50.0,46.0,52.0,31.18298415,90.21646909,6.734005647999999,54.01872359,papaya,False
1758,papaya,86.53085470199585,65.0,63.0,50.0,31.88342554,91.3256535,6.524459342,79.27201575,papaya,True
1759,papaya,99.23580765724182,40.0,49.0,47.0,42.93368602,91.1756748,6.501521192,246.36132680000003,papaya,True
1760,papaya,51.001466340385385,42.0,53.0,48.0,23.11407669,94.31994776,6.758479569,231.5153161,papaya,True
1761,papaya,58.44239175319672,49.0,55.0,51.0,24.87212063,93.90560147,6.676578778,135.16945249999998,papaya,True
1762,papaya,97.46453285217285,59.0,62.0,49.0,43.36051537,93.35191636,6.941496806,114.778071,papaya,True
1763,papaya,71.81540250778198,63.0,58.0,47.0,26.83054058,90.75379971,6.864143752,144.66564440000005,papaya,True
1764,papaya,92.48767852783203,70.0,65.0,52.0,30.42012134,93.12659793,6.583528529,75.95295,papaya,True
1765,papaya,64.88905608654022,63.0,50.0,52.0,28.64555584,93.22642604,6.751747609,115.8163936,papaya,True
1766,papaya,66.09865643084049,40.0,64.0,47.0,32.50037548,93.47888842,6.893509446,71.73759526,papaya,True
1767,papaya,94.5798122882843,63.0,58.0,50.0,43.03714283,94.6428898,6.720744449,41.5856585,papaya,True
1768,papaya,69.65909093618393,45.0,58.0,49.0,30.10773379,90.34546355,6.827812549,75.24521981,papaya,True
1769,papaya,32.41422899067402,66.0,69.0,47.0,23.69212243,93.61055571,6.912299695,87.53393983,papaya,True
1770,papaya,99.93520617485046,54.0,67.0,52.0,35.67667332,93.30641944,6.586107335,141.3381168,papaya,True
1771,papaya,72.22649574279785,69.0,67.0,52.0,27.71948962,94.43877142,6.827305908,82.83061083,papaya,True
1772,papaya,97.66814112663269,67.0,68.0,49.0,35.26824831,92.38282957,6.821774589,149.8488208,papaya,True
1773,papaya,46.22251808643341,45.0,57.0,47.0,23.16855863,90.78821158,6.656458831,161.68920930000004,papaya,True
1774,papaya,80.26512622833252,56.0,50.0,52.0,33.08706051,92.25197542,6.770384816,88.1300769,papaya,True
1775,papaya,98.87494683265686,70.0,50.0,53.0,37.4620912,90.44967809,6.933809742999999,172.3458448,papaya,True
1776,papaya,85.72710394859314,44.0,47.0,45.0,38.73218907,94.73613484,6.579441304,218.142147,papaya,True
1777,papaya,84.97631788253784,50.0,60.0,47.0,32.57720726,92.74889453,6.92791761,93.7942847,papaya,True
1778,papaya,93.4420394897461,52.0,51.0,53.0,38.38231475,93.10378595,6.985804083,210.2735346,papaya,True
1779,papaya,97.16012239456177,35.0,68.0,45.0,42.93605359,90.09448142,6.612429546,234.8466111,papaya,True
1780,papaya,28.26405093073845,68.0,69.0,52.0,25.65492304,92.74501561,6.813383387000001,52.95477913,papaya,True
1781,papaya,97.13977336883545,32.0,55.0,52.0,37.58899717,91.99740365,6.967759599999999,159.6577388,papaya,True
1782,papaya,69.41871702671051,32.0,55.0,51.0,29.60718808,93.15642801,6.57398033,62.68710535,papaya,True
1783,papaya,65.82306444644928,48.0,62.0,47.0,25.34756111,93.02871078,6.803094965,174.40123369999995,papaya,True
1784,papaya,87.4976921081543,39.0,69.0,53.0,25.9300384,93.02357765,6.964955435,241.8202079,papaya,True
1785,papaya,91.05932474136353,49.0,61.0,45.0,32.76795887,94.57377401,6.764213299,240.4795923,papaya,True
1786,papaya,74.75663684308529,48.0,57.0,54.0,29.02328049,90.20396783,6.617703177999999,126.8069869,papaya,True
1787,papaya,98.8554334640503,69.0,66.0,49.0,40.00439101,90.17015833,6.52711001,92.11877372,papaya,True
1788,papaya,97.98895478248596,53.0,55.0,55.0,33.32315744,91.25271223,6.709668804,234.496633,papaya,True
1789,papaya,60.60443937778472,38.0,61.0,52.0,31.22790131,94.94021378,6.620729882000001,46.44279118,papaya,True
1790,papaya,63.62038105726242,57.0,64.0,55.0,26.68386496,92.9585411,6.583760498999999,62.50689682,papaya,True
1791,papaya,66.56935758888721,51.0,57.0,55.0,24.70528368,90.14732171,6.6764073370000006,108.4103158,papaya,True
1792,papaya,99.18406009674072,56.0,65.0,45.0,38.2016825,93.97379963,6.751298936,218.09088140000003,papaya,True
1793,papaya,94.37486529350281,54.0,66.0,52.0,36.56769731,93.79503425,6.867554147000001,104.4218596,papaya,True
1794,rice,38.13623309135437,58.0,55.0,47.0,26.05375792,93.69111672,6.7424900270000006,240.6863901,papaya,False
1795,papaya,48.59990835189819,68.0,70.0,54.0,31.29986342,92.76039164,6.986228647000001,54.77830202,papaya,True
1796,papaya,99.47373867034912,42.0,59.0,55.0,40.10207731,94.35110201,6.979102243,149.1199989,papaya,True
1797,papaya,96.88693881034851,43.0,64.0,47.0,38.58954491,91.58076549,6.8256647820000005,102.2708231,papaya,True
1798,papaya,99.83913660049438,35.0,67.0,49.0,41.31330062,91.1508798,6.617066674,239.7427554,papaya,True
1799,papaya,98.14304947853088,56.0,59.0,55.0,37.03551903,91.79430166,6.551892637999999,188.5181422,papaya,True
1800,papaya,49.73856121301651,39.0,64.0,53.0,23.012401800000006,91.07355541,6.598860305,208.3357976,papaya,True
1801,coconut,52.00361326336861,18.0,30.0,29.0,26.762749300000007,92.86056895,6.4200187170000005,224.5903664,coconut,True
1802,coconut,76.68710980564356,37.0,23.0,28.0,25.61294367,94.3138837,5.7400545670000005,224.3206759,coconut,True
1803,coconut,95.88104724884033,13.0,28.0,33.0,28.130115000000004,95.64807631,5.686972967000001,151.0761899,coconut,True
1804,coconut,85.48902034759521,2.0,21.0,35.0,25.02887163,91.53720922,6.293662362999999,179.8248944,coconut,True
1805,coconut,78.96327376365662,10.0,18.0,35.0,27.79797651,99.64573002,6.381975465,181.6942283,coconut,True
1806,coconut,99.87203359603882,7.0,11.0,32.0,29.25902906,95.11294697,5.542169138999999,184.7624496,coconut,True
1807,coconut,92.40217447280884,39.0,5.0,31.0,27.10134661,93.69979946,5.551963184,150.9502632,coconut,True
1808,coconut,96.54618382453918,34.0,6.0,27.0,25.84726298,90.92669463,5.8607404810000014,147.8888994,coconut,True
1809,coconut,73.56322884559631,31.0,30.0,29.0,26.58580443,90.98617591,5.558807063,178.8116076,coconut,True
1810,coconut,99.62523698806763,25.0,7.0,35.0,28.38503882,99.18843684,5.55771171,189.67113490000003,coconut,True
1811,coconut,96.22145652770996,16.0,18.0,26.0,28.43647052,91.81320717,5.568365926,145.54144130000003,coconut,True
1812,coconut,98.44881892204285,26.0,10.0,33.0,28.27298134,96.93649473,6.07071786,198.8234862,coconut,True
1813,coconut,97.78908133506775,27.0,8.0,32.0,27.00648436,96.46168931,5.627860548999998,144.3331315,coconut,True
1814,coconut,71.1625300347805,37.0,18.0,30.0,27.63551259,99.34854917,6.38488418,157.91715369999997,coconut,True
1815,coconut,99.2691719532013,19.0,15.0,34.0,26.29644905,99.65809151,5.6858890660000005,215.9195049,coconut,True
1816,coconut,89.1389799118042,0.0,19.0,33.0,27.1326009,95.23797989,6.234458417000001,204.7206567,coconut,True
1817,coconut,86.23843193054199,31.0,20.0,26.0,25.56567803,97.61361544,6.443168642000001,199.7936345,coconut,True
1818,coconut,98.72701644897461,9.0,17.0,32.0,25.94951662,93.40548703,5.842317989,172.0540491,coconut,True
1819,coconut,99.71390724182129,22.0,11.0,29.0,28.03380598,95.01630593,5.955742971,218.0055713,coconut,True
1820,coconut,97.65121936798096,31.0,6.0,26.0,29.12859129,91.30924833,5.741367375,157.2388553,coconut,True
1821,coconut,98.77570033073425,34.0,6.0,30.0,27.0828252,97.00155491,5.948342571,171.7575545,coconut,True
1822,coconut,92.33229517936707,24.0,6.0,32.0,28.11321494,90.01734526,6.387067562,172.48136409999995,coconut,True
1823,coconut,99.45045351982117,1.0,8.0,26.0,27.5136304,94.18955816,5.562911913,156.6732553,coconut,True
1824,coconut,94.68189239501953,31.0,13.0,33.0,27.63834933,95.48763389,5.85971872,205.5463111,coconut,True
1825,coconut,63.026799857616425,10.0,9.0,28.0,29.01256899,94.01014388,6.282955072999999,150.05003119999995,coconut,True
1826,coconut,84.6917188167572,36.0,27.0,26.0,26.58413917,95.78923137,6.25449571,171.6262299,coconut,True
1827,coconut,95.75653195381165,38.0,24.0,33.0,28.28905147,97.00396405,5.973853124,142.9403233,coconut,True
1828,coconut,98.63364696502686,11.0,6.0,25.0,28.69164799,96.65248672,6.081568052000001,178.9635457,coconut,True
1829,coconut,77.54699110984802,16.0,14.0,30.0,29.70931288,96.30484325,6.37466756,209.84539930000005,coconut,True
1830,coconut,94.8215115070343,33.0,14.0,35.0,27.14865285,96.66355213,6.027707171,149.2433497,coconut,True
1831,coconut,88.37799191474915,16.0,6.0,29.0,29.28725038,91.95614918,5.868285082000001,132.1491176,coconut,True
1832,coconut,89.88908171653748,32.0,11.0,31.0,25.06871967,93.31410447,6.205931637999999,134.84190690000003,coconut,True
1833,coconut,90.51757454872131,38.0,14.0,30.0,26.92449525,91.20106019,5.5707453860000005,194.9022136,coconut,True
1834,coconut,82.49008417129517,8.0,6.0,33.0,28.27804288,93.64761266,6.095261012999999,171.9457959,coconut,True
1835,coconut,99.63009238243103,23.0,6.0,33.0,29.18032562,92.73041222,6.025789594,204.9603677,coconut,True
1836,coconut,92.77002573013306,29.0,25.0,35.0,28.3575072,91.64509299,5.542873799,160.73069909999995,coconut,True
1837,coconut,94.1082239151001,24.0,14.0,33.0,29.38072512,93.27565685,6.366219551,218.5241851,coconut,True
1838,coconut,99.16884899139404,32.0,12.0,30.0,25.39241091,98.08951196,5.579845008,218.080385,coconut,True
1839,coconut,70.55354699492455,30.0,25.0,31.0,26.31270635,98.62048026,5.804965067,208.1181381,coconut,True
1840,coconut,93.87458205223083,14.0,21.0,35.0,29.52501367,91.91185319,6.121005506,194.3100272,coconut,True
1841,coconut,77.5262326002121,27.0,22.0,29.0,28.83214859,92.17170353,6.000248647,145.41723869999996,coconut,True
1842,coconut,94.17370319366455,40.0,5.0,29.0,28.48444906,97.76865458,5.820978791,160.389421,coconut,True
1843,coconut,94.17916297912598,17.0,11.0,32.0,28.74013335,93.39676499,5.620733794,156.76508230000005,coconut,True
1844,coconut,97.95085668563843,30.0,30.0,35.0,25.00872392,95.59224018,6.001936419,165.8092179,coconut,True
1845,coconut,92.9187023639679,28.0,10.0,30.0,29.8690834,91.14723422,6.305740522000001,192.7678575,coconut,True
1846,coconut,89.28305387496948,39.0,7.0,29.0,27.54273211,94.59086121,6.362544111,150.2012138,coconut,True
1847,coconut,93.46638202667236,32.0,20.0,35.0,26.52166434,98.38227669,5.588655387,144.6261698,coconut,True
1848,coconut,98.93375277519226,7.0,15.0,32.0,25.03512351,95.89739958,6.182232762000001,174.796583,coconut,True
1849,coconut,92.79039978981018,29.0,17.0,29.0,29.20394909,95.66997327,5.959493188,211.2506267,coconut,True
1850,coconut,97.23418951034546,34.0,15.0,34.0,27.05826457,91.10510371,5.677282677999999,224.70069530000004,coconut,True
1851,coconut,87.04791069030762,14.0,23.0,25.0,26.18552389,96.96637916,5.6121227970000005,135.4186222,coconut,True
1852,coconut,91.72832369804382,18.0,19.0,29.0,27.59376845,92.48519606,6.206077742000001,162.8432736,coconut,True
1853,coconut,72.04839646816254,7.0,21.0,35.0,25.76011662,94.65830608,5.764812076,131.24514140000002,coconut,True
1854,coconut,77.20339851686731,24.0,27.0,34.0,28.87862994,95.11320315,6.203376525,145.0583117,coconut,True
1855,coconut,85.84304094314575,39.0,29.0,29.0,26.50908611,94.48414544,6.143662699,199.8778403,coconut,True
1856,coconut,96.34692907333374,29.0,8.0,28.0,26.87037587,91.72546257,6.100429497,214.4128874,coconut,True
1857,coconut,89.32218074798584,10.0,24.0,27.0,27.57283516,94.90485697,5.7084096010000005,145.9298935,coconut,True
1858,coconut,92.84484386444092,0.0,29.0,32.0,28.05912437,98.3670985,5.868255858,171.65163959999995,coconut,True
1859,coconut,54.62970763444901,32.0,11.0,31.0,29.51611558,92.56492864,6.461225827000001,131.2116167,coconut,True
1860,coconut,89.65906143188477,37.0,10.0,32.0,28.96318258,95.16333673,6.165084855,222.803013,coconut,True
1861,coconut,85.92760264873505,20.0,29.0,27.0,25.09897688,92.36099489,6.047044342,157.7592626,coconut,True
1862,coconut,81.19159042835236,31.0,29.0,35.0,27.1872282,92.19906776,6.137102505,141.3220576,coconut,True
1863,coconut,83.04124236106873,17.0,30.0,27.0,29.03065024,90.79093862,5.894027065,205.5720367,coconut,True
1864,coconut,78.41354310512543,1.0,12.0,30.0,27.754298,95.94643831,5.56222383,131.09000759999998,coconut,True
1865,coconut,93.86762738227844,6.0,13.0,29.0,27.31155708,99.96906006,5.832608027999999,201.8258633,coconut,True
1866,coconut,95.12998104095459,15.0,28.0,32.0,28.84270971,99.64328526,6.2185718739999984,224.4016682,coconut,True
1867,coconut,92.44891405105591,27.0,24.0,29.0,26.61423461,96.97300803,6.142010637,191.006688,coconut,True
1868,coconut,93.08347225189209,3.0,23.0,30.0,29.70143197,95.65754365,6.078807239,215.1968037,coconut,True
1869,coconut,99.02024984359741,8.0,26.0,26.0,25.54759871,91.64194826,5.702484758,212.867626,coconut,True
1870,coconut,98.1247878074646,20.0,28.0,26.0,26.37978453,91.49882979,5.547594847,167.0470997,coconut,True
1871,coconut,88.93142104148865,26.0,18.0,27.0,27.45907759,92.90736493,5.836075368,142.1430003,coconut,True
1872,coconut,88.41560542583466,1.0,6.0,35.0,27.02269204,95.71935435,6.231662767,147.16824590000004,coconut,True
1873,coconut,77.76437282562256,27.0,30.0,31.0,28.98545306,90.73966792,5.718120393,148.8398374,coconut,True
1874,coconut,66.85906827449799,23.0,7.0,34.0,26.1055118,91.52421214,5.852038202,134.1279669,coconut,True
1875,coconut,98.5151755809784,0.0,26.0,31.0,25.0707247,95.02156793,5.547933273,192.9036306,coconut,True
1876,coconut,97.27084159851074,38.0,6.0,25.0,25.54963273,96.92786777,6.156259104,191.2996157,coconut,True
1877,coconut,73.3308470249176,25.0,12.0,26.0,28.56973521,95.67906668,6.436314406,134.83703480000003,coconut,True
1878,coconut,91.45852088928223,40.0,5.0,32.0,26.07010807,96.7036223,5.981169595,143.533473,coconut,True
1879,coconut,85.62701761722565,0.0,19.0,31.0,25.51791333,94.38420565,6.271952832999999,178.7297725,coconut,True
1880,coconut,86.30421280860901,26.0,9.0,32.0,25.9490364,94.73860514,6.470465614,144.15711090000005,coconut,True
1881,coconut,93.48536610603333,35.0,30.0,34.0,28.2974764,95.41122824,6.141502001,182.4482352,coconut,True
1882,coconut,95.2349305152893,19.0,30.0,30.0,29.56549169,91.40896307,5.826381164,224.83157290000003,coconut,True
1883,coconut,86.17064297199249,31.0,13.0,33.0,29.69952329,95.21224392,6.342463714,148.30036919999995,coconut,True
1884,coconut,88.296719789505,17.0,29.0,26.0,26.14162144,93.28415295,6.071897347,195.4115025,coconut,True
1885,coconut,96.00029826164246,2.0,30.0,30.0,26.00175125,94.79998418,6.331051715,209.540094,coconut,True
1886,coconut,82.70901143550873,30.0,13.0,25.0,27.15116142,91.48889469,6.413184638,164.9182225,coconut,True
1887,coconut,99.62141752243042,8.0,15.0,33.0,28.97318719,98.09861043,5.50158009,213.9011021,coconut,True
1888,coconut,64.17323052883148,18.0,12.0,35.0,26.13958446,96.38580769,6.338720873,131.3387935,coconut,True
1889,coconut,60.75618982315063,8.0,28.0,30.0,25.51618488,94.33465411,6.015672239,135.1272491,coconut,True
1890,coconut,96.70795917510986,40.0,22.0,29.0,27.55821802,99.98187601,5.735364307,174.62564809999995,coconut,True
1891,coconut,92.94226884841919,27.0,10.0,33.0,27.81132822,97.48410555,6.465906333,154.06212209999995,coconut,True
1892,coconut,97.36488938331604,21.0,20.0,31.0,25.60033702,99.7240104,5.855457599,165.82487319999996,coconut,True
1893,coconut,97.07556128501892,3.0,9.0,35.0,26.91641934,99.84671638,6.318552972999999,225.6323656,coconut,True
1894,coconut,83.44016373157501,22.0,16.0,27.0,29.1797902,90.27214288,6.006784979,188.9252083,coconut,True
1895,coconut,96.60929679870605,27.0,8.0,30.0,26.44600063,98.29937782,6.008386282999999,221.2258168,coconut,True
1896,coconut,98.79947304725647,22.0,8.0,33.0,28.43572863,95.8840407,5.665785202,203.9283708,coconut,True
1897,coconut,78.39736938476562,28.0,27.0,32.0,28.94099669,93.00109012,5.764615485,191.7723087,coconut,True
1898,coconut,90.8041262626648,23.0,21.0,26.0,26.45488737,93.45042636,5.901495543999999,149.2220255,coconut,True
1899,coconut,96.488698720932,37.0,5.0,34.0,25.79490531,93.84150618,5.779032666,152.42387119999995,coconut,True
1900,coconut,96.76916360855103,19.0,26.0,29.0,26.93141945,98.80313612,5.67154928,166.5712879,coconut,True
1901,cotton,94.30574297904968,133.0,47.0,24.0,24.40228894,79.19732001,7.231324765,90.8022356,cotton,True
1902,cotton,79.3737843632698,136.0,36.0,20.0,23.09595631,84.86275707,6.925412377000001,71.29581071,cotton,True
1903,cotton,81.33208215236664,104.0,47.0,18.0,23.9656349,76.97696717,7.633437412,90.75616738,cotton,True
1904,cotton,78.64657528698444,133.0,47.0,23.0,24.88738107,75.62137159,6.827354668,89.76050416,cotton,True
1905,cotton,74.72649216651917,126.0,38.0,23.0,25.36243778,83.63276077,6.176716425,88.43618918,cotton,True
1906,cotton,82.0061069726944,126.0,50.0,19.0,24.69457084,81.7358876,6.6287228360000015,78.58494391,cotton,True
1907,cotton,90.83920955657959,113.0,41.0,20.0,25.0017188,80.53965818,7.256877571,96.32600992,cotton,True
1908,cotton,78.7566477060318,121.0,45.0,22.0,22.45942937,81.30681027,6.443785385,64.23026638,cotton,True
1909,cotton,98.92368793487549,121.0,47.0,16.0,23.60564038,79.29573149,7.7232401510000015,72.49800885,cotton,True
1910,banana,57.34030878171325,129.0,60.0,22.0,24.58453146,79.12404171,5.947448589,71.94608134,cotton,False
1911,cotton,80.29782176017761,107.0,45.0,25.0,23.0865933,83.55546146,7.2277455160000015,71.84080724,cotton,True
1912,cotton,71.20331406593323,122.0,59.0,18.0,23.5000992,83.63488952,6.219469084,79.81328183,cotton,True
1913,cotton,72.78891444206238,140.0,38.0,15.0,24.1472953,75.88298598,6.021439523,69.91563467,cotton,True
1914,cotton,62.663353681564324,102.0,49.0,21.0,24.69315538,84.84422454,6.253343655,89.799462,cotton,True
1915,cotton,49.83078803867102,111.0,40.0,25.0,24.48469200000001,84.44932014,6.187455798999999,90.94342484,cotton,True
1916,cotton,94.7594690322876,131.0,35.0,18.0,24.49112609,82.24415809,7.0576933660000005,64.02949379,cotton,True
1917,cotton,91.72701358795166,135.0,43.0,16.0,23.47986888,81.73049149,6.720449769,86.76287924,cotton,True
1918,cotton,45.82010418176651,100.0,46.0,18.0,24.18586246,76.04203958,6.4316895060000006,69.08056728,cotton,True
1919,cotton,95.28170824050903,123.0,39.0,24.0,25.00755095,78.17952126,7.453106264,86.06411872,cotton,True
1920,cotton,94.7221314907074,117.0,56.0,15.0,25.99237426,77.0543546,7.368258226,89.1188212,cotton,True
1921,cotton,83.97347331047058,121.0,36.0,24.0,23.66457347,81.69105088,7.352401887,99.36898373,cotton,True
1922,cotton,61.17699295282364,101.0,58.0,18.0,25.66891439,81.38103349,6.652143699,78.59595817,cotton,True
1923,cotton,80.06643176078796,107.0,42.0,24.0,22.04612876,84.62978302,6.144631795,86.00758678,cotton,True
1924,cotton,66.26456340774894,100.0,41.0,22.0,22.4204752,84.55794703,7.318802162000001,93.46595573,cotton,True
1925,cotton,92.96265482902527,125.0,39.0,21.0,25.03149561,82.21276599,7.954629324,95.0191318,cotton,True
1926,cotton,63.32387447357177,105.0,60.0,23.0,23.53371386,77.21705554,6.207652157,87.54004943,cotton,True
1927,cotton,74.96485948562622,102.0,46.0,19.0,22.77076388,82.5993307,6.631005298,81.49543437,cotton,True
1928,cotton,94.90681648254395,131.0,49.0,22.0,25.49848236,79.9751579,7.306918817000001,67.05961949,cotton,True
1929,cotton,75.46430140733719,139.0,35.0,15.0,25.248679,83.4630147,5.898293044,86.55517751,cotton,True
1930,cotton,82.72148013114929,108.0,36.0,19.0,22.78249615,77.51235009,7.238566893,64.61444234,cotton,True
1931,cotton,97.44407296180725,118.0,45.0,23.0,23.37044424,77.43198948,7.977651226,71.67870701,cotton,True
1932,cotton,46.331292018294334,107.0,51.0,22.0,24.86560781,78.22080815,5.983075895,79.56866268,cotton,True
1933,cotton,86.45410776138306,125.0,60.0,17.0,24.14386157,84.51591287,6.785723961,80.36146974,cotton,True
1934,cotton,73.59103128314018,113.0,37.0,20.0,25.03300222,79.04368718,7.393441155,97.10087029,cotton,True
1935,cotton,86.14420771598816,131.0,52.0,16.0,23.65724079,84.47601498,6.486068274,88.54479121,cotton,True
1936,cotton,89.45581316947937,115.0,48.0,16.0,25.54359718,84.09229796,7.175934962,88.94245493,cotton,True
1937,cotton,88.34491014480591,113.0,38.0,25.0,22.00085141,79.47270984,7.388265887999999,90.42224164,cotton,True
1938,cotton,70.34359872341156,111.0,41.0,18.0,23.64328417,78.1258666,6.10539819,80.96157332,cotton,True
1939,cotton,60.61578661203384,111.0,53.0,19.0,23.96436009,78.02763149,6.419536555,84.63148859,cotton,True
1940,cotton,77.5171285867691,122.0,48.0,16.0,24.65425757,75.6350708,6.307585854,61.82980133,cotton,True
1941,cotton,93.91100525856018,108.0,46.0,17.0,24.3017998,84.87668973,6.93221485,65.0247867,cotton,True
1942,cotton,97.74335980415344,132.0,41.0,22.0,24.29144926,81.02453404,7.810865753,90.41694635,cotton,True
1943,cotton,81.45316123962402,103.0,42.0,17.0,24.29470232,84.61527627,6.527541661,81.05902285,cotton,True
1944,cotton,81.21677696704865,133.0,50.0,25.0,25.72180042,81.19666206,7.569454601,99.93100821,cotton,True
1945,cotton,68.02567481994629,127.0,37.0,18.0,24.87663664,76.30050373,7.041065585,91.9223468,cotton,True
1946,cotton,91.2527585029602,110.0,39.0,25.0,22.60612115,77.34264002,7.208795456,75.13617229,cotton,True
1947,cotton,79.3026214838028,131.0,38.0,19.0,23.86814008,75.68339729,6.814341946,90.4547185,cotton,True
1948,cotton,95.72232961654663,108.0,38.0,24.0,23.41022496,76.43836957,7.442217061,78.82199603,cotton,True
1949,cotton,79.83289539813995,122.0,40.0,17.0,24.96440768,81.31677618,6.854558957,80.03995829,cotton,True
1950,cotton,98.05190324783325,111.0,50.0,15.0,25.16820129,80.30351815,7.884550475,84.62419032,cotton,True
1951,cotton,79.88660216331482,140.0,40.0,17.0,22.72767171,77.07598065,6.006085786,77.55176318,cotton,True
1952,cotton,89.8038911819458,100.0,40.0,20.0,22.45145981,76.25674874,7.432043735,86.84998693,cotton,True
1953,cotton,70.54595470428467,123.0,50.0,16.0,23.04920461,75.53835214,6.498052108,70.65644296,cotton,True
1954,cotton,48.173967897892,107.0,36.0,21.0,25.29250148,75.66653335,6.205263534,62.64174227,cotton,True
1955,cotton,84.51162338256836,118.0,50.0,19.0,22.95604064,82.33733678,6.360812227,66.48339303,cotton,True
1956,cotton,84.24688339233398,103.0,51.0,20.0,22.80213132,84.14668447,7.0466074339999984,91.6389565,cotton,True
1957,cotton,92.94463276863098,133.0,57.0,19.0,23.54234715,75.98203329,7.947011366,84.12536744,cotton,True
1958,cotton,67.31396913528442,129.0,47.0,20.0,24.41212325,80.80343786,6.281913857999999,98.60457373,cotton,True
1959,cotton,87.8397798538208,116.0,52.0,19.0,22.94276687,75.37170612,6.114525877,67.08022574,cotton,True
1960,cotton,89.66404318809509,114.0,40.0,23.0,25.53676123,81.13668716,6.7539780610000015,95.4262599,cotton,True
1961,cotton,94.78331804275513,131.0,60.0,17.0,25.32023717,81.79475917,7.4250413160000015,83.46532547,cotton,True
1962,cotton,73.26740503311157,107.0,43.0,18.0,22.426733,81.53480799,6.745104394,65.54475812,cotton,True
1963,cotton,74.05818969011307,123.0,44.0,21.0,25.78544484,75.00539324,7.6411165689999985,91.39578861,cotton,True
1964,cotton,73.68962347507477,112.0,49.0,25.0,25.68959532,77.90621048,6.470135478,66.19426787,cotton,True
1965,cotton,84.00240123271942,119.0,44.0,15.0,22.14593688,82.85975490000001,7.091992365,60.65381719,cotton,True
1966,cotton,86.2293291091919,130.0,59.0,19.0,25.07278712,82.50257909,6.520403794,93.51042684,cotton,True
1967,cotton,87.24005818367004,127.0,53.0,24.0,22.21506982,76.17851932,6.127939627999999,70.40557612,cotton,True
1968,cotton,97.0446789264679,134.0,52.0,18.0,23.9643129,76.59175937,7.994679507000001,76.13090645,cotton,True
1969,cotton,91.76735281944275,109.0,36.0,18.0,25.40059227,76.53237965,7.524707577,62.51388670000001,cotton,True
1970,cotton,96.34293556213379,100.0,48.0,17.0,23.7805123,83.03878838,7.827877817999999,66.26555904,cotton,True
1971,cotton,78.54756861925125,132.0,52.0,19.0,24.16402322,76.7433897,6.436691764,61.94626051,cotton,True
1972,cotton,42.15517507866025,102.0,37.0,25.0,25.31468463,77.91757121,5.907930899,72.82902109,cotton,True
1973,cotton,63.91391932964326,111.0,39.0,22.0,22.60361557,80.35090459999998,6.135025006,88.57395505,cotton,True
1974,cotton,52.00483053922653,117.0,51.0,15.0,22.9535715,78.71555832,6.044556594,99.75336197,cotton,True
1975,cotton,84.47637796401978,136.0,36.0,24.0,22.74446976,80.41198458,7.59781958,90.07326633,cotton,True
1976,cotton,68.33780735731125,134.0,56.0,18.0,23.80834611,83.91902605,6.691268104,70.97358303,cotton,True
1977,cotton,53.781580328941345,112.0,54.0,15.0,25.46228792,81.56641891,6.1754923060000015,76.88582484,cotton,True
1978,cotton,66.40353590250015,105.0,56.0,15.0,25.96779712,81.97904282,7.272316208999999,74.14169043,cotton,True
1979,cotton,57.7743872255087,140.0,45.0,15.0,25.5308271,80.04662756,5.801047545,99.39557151,cotton,True
1980,cotton,91.56721353530884,126.0,46.0,25.0,24.43847399,81.69801729,6.757457943,60.79645852,cotton,True
1981,cotton,72.24300861358643,106.0,49.0,24.0,23.03887865,76.47039772,6.983395572999999,90.64770699,cotton,True
1982,cotton,97.47628450393677,121.0,53.0,19.0,23.51308653,76.72621429,7.976889497999999,80.11272117,cotton,True
1983,cotton,86.27482295036316,108.0,60.0,17.0,22.75805656,76.75768356,6.558902588,97.76600619,cotton,True
1984,cotton,96.84307098388672,116.0,56.0,17.0,24.71252544,77.7293114,7.979090365,85.24963302,cotton,True
1985,cotton,89.97880220413208,100.0,52.0,19.0,23.45969093,82.44777468,7.903528672999999,93.50153555,cotton,True
1986,cotton,79.82465513050556,129.0,43.0,16.0,25.5503704,77.85055621,6.73210948,78.58488484,cotton,True
1987,cotton,87.33907580375671,118.0,44.0,23.0,22.08458267,82.82904143,6.6916904760000016,67.06459777,cotton,True
1988,cotton,90.40130734443665,117.0,43.0,25.0,24.68854799,78.51206972,7.839849298,69.31153566,cotton,True
1989,cotton,71.06410920619965,126.0,37.0,21.0,25.84997269,84.16855231,6.61448588,77.03421249,cotton,True
1990,cotton,94.94286298751831,120.0,48.0,16.0,22.46054478,75.40989245,7.456971816,71.85436078,cotton,True
1991,cotton,97.08321928977966,102.0,45.0,16.0,23.65629976,77.52425987,7.2942193,74.8984994,cotton,True
1992,cotton,90.62884569168091,131.0,56.0,20.0,22.00817088,81.83896111,7.762647875,92.23645249,cotton,True
1993,cotton,85.40814399719238,114.0,40.0,17.0,24.32630461,80.13456404,6.363406102000001,69.45072055,cotton,True
1994,cotton,78.3777105808258,101.0,37.0,18.0,22.92360984,82.68738535,7.63737841,92.91915074,cotton,True
1995,cotton,72.16780178248882,106.0,46.0,20.0,23.43821725,78.63388824,6.2006719760000015,81.15072105,cotton,True
1996,cotton,74.9734479188919,113.0,38.0,20.0,22.10718988,78.58320116,6.364729934,74.94136567,cotton,True
1997,cotton,66.24251872301102,102.0,53.0,21.0,23.03814028,76.11021529,6.913678684,91.49697481,cotton,True
1998,cotton,95.50653457641602,110.0,39.0,18.0,24.54795322,75.39752705,7.766259768999999,63.88079866,cotton,True
1999,cotton,79.90743160247803,107.0,58.0,15.0,23.73868041,75.77503808,7.55606399,76.63669195,cotton,True
2000,cotton,98.23650002479553,120.0,60.0,15.0,22.31871914,83.86129998,7.288377241,65.35747011,cotton,True
2001,jute,49.525978565216064,89.0,47.0,38.0,25.52468965,72.24850829,6.002524871,151.8869972,jute,True
2002,coconut,49.705412462353706,60.0,37.0,39.0,26.59104992,82.94164078,6.033485257000001,161.2469997,jute,False
2003,rice,61.86667799949645,63.0,41.0,45.0,25.29781791,86.88705350000002,7.121933578999999,196.6249511,jute,False
2004,rice,52.97752499580384,86.0,40.0,39.0,25.72100868,88.16513579,6.207459637,175.60866969999995,jute,False
2005,jute,36.449753642082214,96.0,41.0,40.0,23.58419277,72.00460848,6.090060478,190.4242157,jute,True
2006,rice,53.834548145532615,100.0,35.0,36.0,25.31042337,72.01364411,6.346715209,190.5577618,jute,False
2007,rice,54.098449666053064,63.0,37.0,43.0,23.41798979,85.08640476,6.661957897000001,185.7446728,jute,False
2008,rice,29.642572551965714,70.0,43.0,40.0,24.35564134,88.80391021,6.176860192,169.11680280000004,jute,False
2009,jute,45.92922240495682,67.0,55.0,44.0,26.284017,75.14640198,7.251847296,182.2685447,jute,True
2010,jute,35.93187928199768,74.0,40.0,40.0,25.13842773,83.12053888,6.386259977999999,169.33884650000005,jute,True
2011,jute,56.49915933609009,89.0,53.0,44.0,24.88692811,71.91711523,7.319735475,150.2498675,jute,True
2012,rice,36.77401423454285,74.0,46.0,45.0,25.75734909,88.36668522,6.025028997000001,189.4263485,jute,False
2013,rice,55.207888185977936,89.0,41.0,38.0,23.12844351,74.68322732,6.344751947000001,199.83629130000003,jute,False
2014,papaya,50.34135159105062,60.0,55.0,40.0,24.9949957,88.95692783,7.02777956,151.4935635,jute,False
2015,rice,65.62350749969482,67.0,43.0,38.0,25.21622704,70.88259632,7.299304715,195.8645552,jute,False
2016,jute,37.93322429060936,70.0,38.0,35.0,24.39736241,79.26861738,7.014063944,164.2697011,jute,True
2017,jute,58.10034215450287,74.0,49.0,38.0,23.31410442,71.4509053,7.4880144039999985,164.49703730000004,jute,True
2018,rice,51.938048750162125,90.0,40.0,39.0,25.72668885,81.86171563,6.626503893,191.9649389,jute,False
2019,rice,35.006571132689714,82.0,35.0,44.0,26.96656378,78.21047693,6.239011,169.8391177,jute,False
2020,rice,54.76119816303253,73.0,45.0,37.0,23.70467146,74.63745355,6.742688094,181.2783964,jute,False
2021,jute,57.03320801258087,85.0,53.0,38.0,24.90075709,73.84186449,6.588017308,153.8990984,jute,True
2022,rice,79.03841614723206,81.0,56.0,36.0,23.39605743,72.60512854,7.097586415,174.78764109999997,jute,False
2023,jute,40.1583868265152,84.0,55.0,38.0,26.8748389,79.78725152,6.956682742999999,173.1017097,jute,True
2024,jute,44.20071482658386,80.0,45.0,42.0,23.1426498,74.99739774,7.380396262,151.9035477,jute,True
2025,jute,41.09982132911682,76.0,54.0,45.0,24.29496635,77.62976013,6.176618831,184.9800516,jute,True
2026,rice,64.761483669281,76.0,56.0,39.0,24.39459498,89.89106506,6.551130445,197.1220049,jute,False
2027,jute,40.03875821828842,81.0,40.0,45.0,25.7629429,80.76238215,6.427726565,174.5071843,jute,True
2028,jute,47.6912313234061,76.0,44.0,45.0,25.4879684,84.48235878,6.740947635,168.7848886,jute,True
2029,jute,33.71718689799309,69.0,47.0,40.0,25.37122686,76.2403666,6.130136384,183.8270791,jute,True
2030,jute,49.42747354507446,82.0,40.0,45.0,26.21312799,81.70476368,6.667633355,180.1237765,jute,True
2031,rice,54.50195014476776,69.0,57.0,35.0,24.30748599,78.54340987,6.1868143920000005,186.2337571,jute,False
2032,jute,52.74786710739136,81.0,36.0,38.0,23.76554749,87.98329901,6.334837865,150.31661519999997,jute,True
2033,jute,65.58544516563416,67.0,60.0,38.0,24.79853023,78.53037059,7.16214284,162.2847429,jute,True
2034,rice,63.65940511226654,72.0,51.0,40.0,23.20683504,74.09956958,7.422318499,199.4766779,jute,False
2035,jute,47.311341762542725,65.0,39.0,45.0,23.66805429,70.89000744,6.768001309,184.4633281,jute,True
2036,jute,43.1656789034605,78.0,50.0,43.0,25.12417673,85.72530641,6.348441469,159.5718087,jute,True
2037,rice,45.65443731844425,77.0,52.0,41.0,23.89069041,83.46409075,6.097294061,167.72306319999996,jute,False
2038,rice,77.57314383983612,89.0,52.0,42.0,23.09433785,81.45139295,6.14132902,196.6587013,jute,False
2039,jute,36.94826036691666,62.0,49.0,37.0,24.21744605,82.85284045,7.479248124,166.13658859999995,jute,True
2040,jute,53.448668122291565,90.0,48.0,45.0,24.06475727,71.31342851,6.509174788999999,153.63902119999997,jute,True
2041,jute,32.52625584602356,66.0,47.0,36.0,24.85441411,74.44070479999998,6.57256106,175.572958,jute,True
2042,rice,46.273196786642075,80.0,52.0,39.0,26.41915161,76.85691248,7.165696848,197.2101782,jute,False
2043,rice,63.60420048236847,89.0,52.0,45.0,24.89326318,77.01222585,7.207457207999999,196.469984,jute,False
2044,rice,60.648326873779304,77.0,51.0,44.0,23.25583402,82.7015932,7.124333547000001,166.2160846,jute,False
2045,rice,60.897307991981506,94.0,37.0,41.0,24.7634518,87.06071115,6.4635387070000005,179.1630865,jute,False
2046,rice,56.74845084547997,75.0,41.0,35.0,24.97042599,78.62697699,6.856833064,166.6415254,jute,False
2047,papaya,39.21929091215134,60.0,55.0,36.0,26.12797248,80.49172597,7.132389299,150.6326874,jute,False
2048,rice,34.707289561629295,62.0,56.0,35.0,25.97825807,81.65769588,6.235357637999999,163.3488091,jute,False
2049,rice,71.49319231510162,84.0,40.0,42.0,26.2830571,73.35763537,6.704273839,186.6898282,jute,False
2050,jute,47.26364076137543,100.0,56.0,40.0,26.38905406,83.31240346,7.433313409,176.1516409,jute,True
2051,rice,36.84471171349287,75.0,56.0,44.0,25.2746335,73.7459581,6.109478059,168.0432282,jute,False
2052,jute,57.194681763648994,78.0,46.0,42.0,23.09499564,78.45959697,7.095413294,155.3851533,jute,True
2053,rice,80.16034364700317,82.0,48.0,36.0,25.79351957,81.76904006,6.352076782999999,193.2418382,jute,False
2054,rice,40.989679396152496,100.0,58.0,41.0,23.17403323,87.88255345,6.6587699910000016,160.6217342,jute,False
2055,rice,55.50497114658356,88.0,50.0,40.0,25.63215038,79.95150917,7.0518224720000005,182.2582277,jute,False
2056,jute,44.34749415144324,67.0,41.0,40.0,25.84879500000001,87.81661683,7.333143205,152.6194403,jute,True
2057,jute,36.53380244970322,72.0,42.0,43.0,26.56767277,80.90424543,6.352771037,181.2915605,jute,True
2058,rice,83.01769018173218,89.0,40.0,43.0,26.24532085,72.97198375,7.124050134,189.9711184,jute,False
2059,jute,48.20571631193161,89.0,57.0,43.0,26.91515043,73.19897535,6.998787171,177.22330480000005,jute,True
2060,jute,65.41972994804382,61.0,41.0,44.0,24.36972377,82.11319791,6.537914957999999,159.92109340000005,jute,True
2061,rice,48.22269283235073,79.0,45.0,43.0,25.71901283,79.15532398,7.171054239,187.1735424,jute,False
2062,rice,57.48787879943848,84.0,40.0,43.0,25.01157559,88.33130229999998,7.228268227999999,169.4168014,jute,False
2063,rice,61.354396045207984,98.0,43.0,35.0,25.40785911,76.44048625,7.319952206,188.6372826,jute,False
2064,jute,62.050115391612046,75.0,36.0,44.0,23.28081,74.27607475,6.613341342999999,153.7447398,jute,True
2065,rice,60.91538846492768,89.0,58.0,35.0,23.98651719,82.09053379,6.096838784,167.0576456,jute,False
2066,rice,79.34950590133667,91.0,41.0,37.0,24.48556447,83.20630007,6.132570522999999,192.2316221,jute,False
2067,jute,59.01144742965698,77.0,48.0,36.0,25.86705009,84.09985284,7.36008498,154.83908469999997,jute,True
2068,rice,52.14454472064972,66.0,58.0,35.0,23.5643831,79.46283115,7.321619041,185.25947,jute,False
2069,rice,48.784748911857605,62.0,59.0,41.0,24.2248758,74.89465426,7.175170657000001,192.4931257,jute,False
2070,rice,46.822523921728134,82.0,35.0,35.0,25.49386782,86.97061481,7.299076163,176.5268267,jute,False
2071,jute,47.631804794073105,61.0,41.0,35.0,24.97178693,79.47557931,6.842966478999998,195.7571622,jute,True
2072,jute,30.806115716695786,99.0,57.0,38.0,24.80624984,82.09281674,6.356295567999999,156.3616174,jute,True
2073,jute,44.834356904029846,70.0,42.0,43.0,23.16814977,76.66724969,6.508342839,157.1215052,jute,True
2074,rice,46.343592926859856,90.0,59.0,35.0,24.25133493,89.86454053,7.098227926,175.1742112,jute,False
2075,jute,35.508375465869904,73.0,43.0,42.0,26.58361011,78.00774772,6.310699968,154.8238864,jute,True
2076,jute,45.60662269592285,67.0,46.0,44.0,26.82489244,78.20392774,7.093328631,153.91998069999997,jute,True
2077,jute,49.6123743057251,84.0,37.0,42.0,25.49674786,81.13449097,6.691074249,169.92882340000003,jute,True
2078,coconut,36.545751462108456,72.0,41.0,36.0,24.09874353,80.57226761,6.187746776,176.8604109,jute,False
2079,jute,48.635330498218536,71.0,56.0,37.0,23.18866654,86.20899734,6.491506245,176.103677,jute,True
2080,rice,41.99092119932175,64.0,53.0,38.0,26.24347471,78.51063754,6.855362875,183.4065252,jute,False
2081,rice,55.83835273981095,65.0,54.0,39.0,23.75091572,71.14782585,7.124571593,160.0889553,jute,False
2082,jute,35.73392674326897,60.0,58.0,37.0,26.13871511,79.1188943,6.067302109,171.4892533,jute,True
2083,rice,47.473552227020264,86.0,39.0,43.0,26.14576648,71.23690851,6.432051512,193.1007598,jute,False
2084,jute,37.17830769717693,90.0,50.0,44.0,26.91643698,73.48655995,6.253408852000001,171.4716375,jute,True
2085,jute,52.8910106420517,91.0,38.0,36.0,26.5232969,77.17331847,7.287318722999999,157.8548562,jute,True
2086,rice,37.99105077981949,87.0,48.0,38.0,23.81579631,80.94023552,7.161865733,190.312216,jute,False
2087,jute,35.899149253964424,72.0,41.0,36.0,26.50838667,86.84264005,6.065898282999999,152.9801697,jute,True
2088,rice,46.708335280418396,71.0,54.0,35.0,26.63952463,70.95705996,7.311077075,199.3355744,jute,False
2089,rice,59.3655401468277,82.0,46.0,41.0,23.325013100000003,79.79609448,6.581693772,187.3096148,jute,False
2090,jute,50.60790210962296,71.0,52.0,43.0,26.47549543,73.96164569,6.732826127,180.2513601,jute,True
2091,rice,61.99079334735871,80.0,43.0,43.0,23.78756036,74.36794079,6.014572075,172.64426540000005,jute,False
2092,rice,53.82873177528381,77.0,55.0,43.0,25.49941707,75.99987588,6.663559451,193.71418280000003,jute,False
2093,rice,65.02152353525162,95.0,57.0,41.0,23.24925555,73.65346838,6.434610995,184.7674863,jute,False
2094,papaya,57.63068825006486,63.0,47.0,35.0,26.98582182,89.05587886,7.432768147000001,193.8778713,jute,False
2095,jute,38.40061664581299,93.0,43.0,38.0,23.61475336,86.14290267,6.987332927000001,150.2355238,jute,True
2096,rice,59.99205619096756,87.0,44.0,43.0,23.87484465,86.79261344,6.718725189,177.5147313,jute,False
2097,jute,61.182408332824714,88.0,52.0,39.0,23.92887902,88.07112278,6.880204617,154.6608736,jute,True
2098,rice,81.7678451538086,90.0,39.0,37.0,24.81441246,81.68688879,6.86106911,190.7886386,jute,False
2099,rice,60.86425691843033,90.0,39.0,43.0,24.44743944,82.286484,6.7693455,190.9684885,jute,False
2100,jute,45.440308302640915,84.0,38.0,43.0,26.57421679,73.81994896,7.26158085,159.3223075,jute,True
2101,coffee,74.80970874428749,91.0,21.0,26.0,26.33377983,57.36469955,7.261313694,191.6549412,coffee,True
2102,coffee,82.3249626159668,107.0,21.0,26.0,26.45288458,55.32222678,7.235070264,144.68613359999995,coffee,True
2103,coffee,63.50771009922027,83.0,38.0,35.0,25.70822684,52.88667115,7.18915558,136.73250919999998,coffee,True
2104,coffee,73.66670846939087,108.0,24.0,31.0,24.12832546,56.18107663,6.431899747999999,147.27578180000003,coffee,True
2105,coffee,65.87161272764206,116.0,28.0,34.0,23.44372334,60.39523266,6.42321105,122.2103248,coffee,True
2106,coffee,88.49272847175598,116.0,23.0,25.0,23.4123707,52.26994674,6.869720196,139.3670753,coffee,True
2107,coffee,79.04713839292526,109.0,31.0,27.0,23.05951896,50.40609436,6.973839707000001,164.4971875,coffee,True
2108,cotton,33.92920069396496,89.0,25.0,34.0,23.07895447,63.65861483,7.184801627000001,129.8765443,coffee,False
2109,coffee,81.8898618221283,118.0,18.0,32.0,27.6496114,51.11044023,6.351823783,122.8392822,coffee,True
2110,coffee,46.425170321017504,111.0,32.0,34.0,25.46743689,69.35161206,6.392048018,171.37644619999998,coffee,True
2111,coffee,44.58127526566386,84.0,36.0,28.0,26.7350622,55.55164819,6.119892347,140.63052130000003,coffee,True
2112,coffee,84.75927829742432,85.0,33.0,25.0,26.20811417,52.50987966,6.910823945,189.0944824,coffee,True
2113,coffee,82.94021964073181,99.0,15.0,27.0,27.0424167,57.27927475,6.501157208,165.6872119,coffee,True
2114,coffee,67.9967874288559,81.0,30.0,31.0,24.65090184,51.93952357,7.027585558999999,135.1386537,coffee,True
2115,coffee,69.5530617237091,95.0,39.0,29.0,27.35152643,55.99375012,7.13411409,148.98125249999995,coffee,True
2116,coffee,37.68520440906286,81.0,34.0,30.0,25.17787724,62.26244581,6.6477659970000005,135.0119649,coffee,True
2117,coffee,65.37771880626678,80.0,15.0,28.0,23.11438731,68.00096043,6.703270635,161.8944624,coffee,True
2118,coffee,87.31741666793823,104.0,20.0,26.0,27.22783677,52.95261751,7.493191968,175.7260273,coffee,True
2119,rice,50.45112452469767,109.0,29.0,28.0,23.26316991,60.51600210000001,6.724688502999999,194.1755471,coffee,False
2120,coffee,65.60351230204105,100.0,32.0,26.0,25.234661,57.53161469,6.043485685,124.2261737,coffee,True
2121,coffee,71.42759144306183,100.0,24.0,28.0,25.59535262,57.72920846,7.101661011,195.7733251,coffee,True
2122,coffee,59.04768437147141,83.0,21.0,28.0,25.5674832,60.49244602,7.466900682999999,190.2257843,coffee,True
2123,coffee,79.92956310510635,120.0,23.0,28.0,25.67324193,51.29043632,6.877799264,196.2736367,coffee,True
2124,coffee,76.44245624542236,104.0,26.0,30.0,24.40726724,62.65692638,6.410992833,148.6977358,coffee,True
2125,jute,37.59819306433201,108.0,33.0,31.0,23.69287069,66.76090123,7.393825704,144.6576424,coffee,False
2126,rice,58.42533394694328,91.0,25.0,26.0,24.53460016,66.99765375,7.482414225,180.5059257,coffee,False
2127,coffee,64.39846068620682,86.0,26.0,27.0,27.13140403,52.89368299,6.081172981,192.4280381,coffee,True
2128,coffee,54.09136176109314,98.0,18.0,27.0,27.56088634,68.49299897,6.516312148,167.43580749999995,coffee,True
2129,coffee,78.89395236968994,111.0,27.0,31.0,23.59302313,55.27564977,6.0433309510000015,191.3980675,coffee,True
2130,coffee,68.69725003838539,84.0,39.0,35.0,23.17714381,52.13864034,6.959404135,117.3113562,coffee,True
2131,coffee,74.05989408493042,98.0,27.0,27.0,24.71384065,51.29142534,7.238109556,197.6439711,coffee,True
2132,cotton,50.386700043454766,118.0,21.0,34.0,24.38534644,64.72543073,7.234258375,119.6324109,coffee,False
2133,coffee,82.21139311790466,103.0,27.0,31.0,27.15998538,51.59100753,6.691541233,126.1752206,coffee,True
2134,coffee,43.90943139791489,82.0,24.0,33.0,26.53543168,67.09608099,6.809593554,120.6494434,coffee,True
2135,coffee,42.65687346458435,86.0,31.0,35.0,27.01207284,60.76645256,6.485761419,191.4508931,coffee,True
2136,coffee,55.336713027209036,88.0,35.0,35.0,27.55906475,58.45742907,6.784460602,117.9389993,coffee,True
2137,coffee,42.37422242760658,84.0,27.0,29.0,23.32293161,53.00366334,7.167092586,168.26442869999997,coffee,True
2138,coffee,76.17007374763489,120.0,40.0,33.0,24.23850608,54.30329632,6.73410539,115.1564012,coffee,True
2139,jute,35.55468142032623,106.0,40.0,30.0,23.42611644,64.10651528,6.779984384,122.6847408,coffee,False
2140,coffee,78.89793157577515,113.0,21.0,33.0,26.02241444,55.83288958,7.277422737999999,176.90209240000004,coffee,True
2141,coffee,81.52690887451172,117.0,34.0,25.0,24.83846178,56.7685316,7.21270048,124.4135035,coffee,True
2142,coffee,49.19447496533394,80.0,30.0,25.0,26.24092174,65.64381357,7.487266991,148.37712019999995,coffee,True
2143,jute,39.68651354312897,88.0,21.0,27.0,24.43011925,66.02411187,7.231166546,181.6368274,coffee,False
2144,coffee,86.29082083702087,113.0,33.0,34.0,26.00373964,62.144510200000006,6.559817161000002,153.477776,coffee,True
2145,coffee,77.65908479690552,87.0,23.0,28.0,26.22367404,62.26594559,6.979590627,193.7461968,coffee,True
2146,coffee,75.10582685470581,113.0,15.0,29.0,27.09617155,63.55324262,6.779230041,190.2440566,coffee,True
2147,coffee,53.72169569134713,98.0,29.0,30.0,25.64004392,61.03273481,6.217974349,199.4735636,coffee,True
2148,coffee,91.35095596313477,97.0,29.0,27.0,27.74576987,54.36976075,7.205078785,139.8619431,coffee,True
2149,coffee,70.22819213569164,85.0,35.0,32.0,26.24928198,54.28617819,6.854011265,133.1120232,coffee,True
2150,coffee,82.09996104240417,82.0,29.0,35.0,26.67377159,52.24226285,6.246872394,156.15438980000005,coffee,True
2151,coffee,77.1371340751648,103.0,33.0,25.0,27.10210397,55.74973320000001,6.911066044,139.5013171,coffee,True
2152,coffee,80.05261421203613,112.0,17.0,28.0,27.62975458,61.26002598,6.777417989,196.6492664,coffee,True
2153,coffee,56.932062804698944,99.0,19.0,33.0,27.536454700000004,55.51673151,6.273741983,130.6377143,coffee,True
2154,coffee,87.09095478057861,120.0,20.0,34.0,23.56960509,50.56339727,6.906124587000001,130.3797119,coffee,True
2155,coffee,77.24260330200195,114.0,27.0,28.0,24.99451759,57.93250202,7.162802357,192.8736822,coffee,True
2156,coffee,53.162626177072525,100.0,40.0,35.0,27.56441788,54.41094079,6.9557873510000015,177.816092,coffee,True
2157,coffee,93.36098909378052,108.0,35.0,25.0,23.98143338,61.10935084,6.971963169,161.5279095,coffee,True
2158,cotton,43.85344587266445,115.0,31.0,30.0,24.22984659,67.37768353,6.840927967000001,122.4073418,coffee,False
2159,jute,52.28912830352783,87.0,28.0,30.0,25.60153969,68.66257977,6.536676653,168.8383605,coffee,False
2160,coffee,52.1056306362152,82.0,24.0,26.0,24.31274458,53.57285558,6.089443602999999,184.4103931,coffee,True
2161,coffee,94.24005508422852,94.0,26.0,27.0,26.36629861,52.25738495,7.456460375,177.31761609999995,coffee,True
2162,coffee,66.0843388736248,87.0,28.0,35.0,26.5602777,57.1621814,6.759211911,152.0616227,coffee,True
2163,coffee,56.34153172373772,118.0,40.0,35.0,26.35034208,58.50650238,7.460174812000001,121.5586297,coffee,True
2164,coffee,39.40379925072193,87.0,38.0,29.0,25.20406808,57.88370456,6.652642579,156.1457255,coffee,True
2165,coffee,46.11486077308655,92.0,40.0,30.0,23.35723208,55.18792166,6.026287448,171.6976946,coffee,True
2166,coffee,70.13978511095047,97.0,22.0,26.0,23.60567546,59.68849145,6.074190142000001,185.1568059,coffee,True
2167,jute,54.52052563428879,99.0,40.0,32.0,24.18471151,69.94807345,7.0455430560000005,163.27087319999995,coffee,False
2168,coffee,66.99687391519547,89.0,28.0,33.0,26.44414097,53.83876189,6.9932360010000005,175.3723314,coffee,True
2169,coffee,59.5259764790535,112.0,39.0,29.0,26.12492233,63.37479229,6.726528895,147.8035305,coffee,True
2170,coffee,74.5919007062912,111.0,28.0,26.0,27.77363343,64.47858698,6.937352845,192.7121236,coffee,True
2171,coffee,77.9244989156723,114.0,20.0,26.0,25.55656667,62.67087838,7.27905689,193.5866233,coffee,True
2172,coffee,43.677644804120064,117.0,26.0,30.0,27.92374437,67.96910852,7.079850922,115.2325531,coffee,True
2173,coffee,86.17549896240234,111.0,29.0,31.0,26.05968403,52.31098539,6.136286518,161.3432535,coffee,True
2174,coffee,45.74933648109436,119.0,30.0,28.0,26.35770906,64.57578034,6.5052036960000015,163.62694960000005,coffee,True
2175,coffee,82.21074640750885,116.0,40.0,33.0,24.91370487,54.15319242,7.042089492000001,129.5481144,coffee,True
2176,rice,62.14377537369729,95.0,37.0,35.0,27.31317116,68.42333909999999,6.348337518999998,192.4288139,coffee,False
2177,coffee,47.36063868738711,86.0,40.0,33.0,26.1387869,52.26311691,7.432322234,136.3027766,coffee,True
2178,coffee,43.45933958888054,117.0,37.0,32.0,23.1069385,67.06230539,6.787658922,162.57696059999995,coffee,True
2179,coffee,40.05486097186804,105.0,18.0,35.0,23.52648086,68.44030686,6.743417121,171.8839938,coffee,True
2180,rice,50.557524603791535,109.0,23.0,25.0,25.11711046,68.48030408,7.00733163,194.8773479,coffee,False
2181,coffee,66.46226286888123,80.0,18.0,31.0,24.02952505,58.84880599,7.303033217,134.6803969,coffee,True
2182,coffee,48.08787373825908,101.0,31.0,26.0,26.70897548,69.71184111,6.861235184,158.86088869999998,coffee,True
2183,coffee,74.03140306472778,103.0,33.0,33.0,26.71717393,50.50148528,7.131435858,126.8073984,coffee,True
2184,coffee,77.85448729991913,93.0,26.0,27.0,24.59245684,56.46829641,7.288211994,137.70440469999997,coffee,True
2185,coffee,88.25190544128418,104.0,35.0,28.0,27.51006055,50.66687215,6.983732393,143.9955548,coffee,True
2186,coffee,48.621150851249695,116.0,36.0,25.0,27.57847581,58.52534263,6.172090205,156.6810374,coffee,True
2187,coffee,84.9353551864624,107.0,38.0,29.0,26.65069302,57.56695719,6.35118177,145.105065,coffee,True
2188,coffee,60.28866365551948,101.0,33.0,33.0,26.97251562,62.0183627,6.908671378999999,142.8610793,coffee,True
2189,coffee,79.75329786539078,107.0,31.0,31.0,23.17124551,52.97841162,6.766184468,153.12016440000005,coffee,True
2190,coffee,37.22997471690178,99.0,16.0,30.0,23.52652084,65.44340921,6.392791654,186.1728203,coffee,True
2191,coffee,77.0035445690155,103.0,40.0,30.0,27.30901814,55.196224,6.3483162570000005,141.48316440000005,coffee,True
2192,coffee,66.76213830709457,118.0,31.0,34.0,27.54823036,62.88179198,6.123796057000001,181.4170812,coffee,True
2193,coffee,68.55331152677536,106.0,21.0,35.0,25.627355,57.04151119,7.4285236339999985,188.5506536,coffee,True
2194,coffee,69.65791702270508,116.0,38.0,34.0,23.29250318,50.04557009,6.020947179,183.468585,coffee,True
2195,rice,40.092241166858,97.0,35.0,26.0,24.91461008,53.74144743,6.334610249,166.2549307,coffee,False
2196,coffee,57.45862573385239,107.0,34.0,32.0,26.77463708,66.4132686,6.78006386,177.7745075,coffee,True
2197,coffee,70.81011116504669,99.0,15.0,27.0,27.41711238,56.63636248,6.086922359,127.92461000000002,coffee,True
2198,coffee,47.38546818494797,118.0,33.0,30.0,24.13179691,67.22512329,6.362607851,173.32283859999995,coffee,True
2199,coffee,62.921656519174576,117.0,32.0,34.0,26.2724184,52.12739421,6.758792552,127.1752928,coffee,True
2200,coffee,83.60857248306274,104.0,18.0,30.0,23.60301571,60.39647474,6.779832611000002,140.9370415,coffee,True
